date,admissions,accidents,elective_surgeries,dengue_cases,demand_O_pos,demand_A_pos,demand_B_pos,demand_AB_pos,demand_O_neg,demand_A_neg,demand_B_neg,demand_AB_neg
2021-01-01,171,18,26,1.0,15,12,6,1,4,1,1,0
2021-01-02,113,25,1,0.0,9,5,3,1,5,0,0,0
2021-01-03,108,17,0,2.0,8,6,2,1,3,1,0,0
2021-01-04,183,13,18,1.0,13,10,6,1,3,2,1,0
2021-01-05,162,13,25,3.0,15,10,6,1,3,1,0,0
2021-01-06,162,16,21,2.0,13,9,5,1,3,1,0,0
2021-01-07,184,13,17,6.0,12,8,5,2,3,1,1,1
2021-01-08,174,21,24,1.0,16,10,5,1,5,1,0,0
2021-01-09,109,23,3,0.0,10,6,3,1,4,1,1,0
2021-01-10,107,19,4,5.0,9,7,3,1,4,1,1,0
2021-01-11,159,14,28,0.0,15,10,6,1,4,0,1,1
2021-01-12,159,13,28,2.0,13,10,5,2,3,1,0,0
2021-01-13,168,16,28,0.0,16,9,5,1,4,1,0,0
2021-01-14,142,12,21,4.0,14,9,4,2,3,0,0,0
2021-01-15,144,19,25,1.0,17,8,6,1,3,0,1,0
2021-01-16,108,42,4,1.0,13,8,4,1,8,1,1,0
2021-01-17,88,17,2,2.0,8,5,3,1,4,1,0,0
2021-01-18,169,13,25,0.0,14,10,5,2,3,0,0,1
2021-01-19,154,14,25,1.0,14,10,6,2,3,0,0,0
2021-01-20,148,13,26,3.0,13,10,5,2,3,1,0,0
2021-01-21,183,13,25,2.0,15,9,5,2,3,0,0,1
2021-01-22,162,18,22,2.0,11,13,5,1,4,0,0,0
2021-01-23,116,23,0,1.0,8,5,4,1,3,0,1,0
2021-01-24,83,18,1,1.0,6,5,3,0,4,1,0,0
2021-01-25,159,13,25,0.0,11,9,4,1,3,2,1,0
2021-01-26,166,13,25,0.0,10,12,6,1,4,1,1,1
2021-01-27,151,14,28,0.0,12,9,5,1,3,1,0,1
2021-01-28,170,15,28,2.0,14,13,5,2,3,0,0,1
2021-01-29,158,19,25,0.0,14,10,5,2,4,1,1,1
2021-01-30,112,24,2,7.0,10,6,4,1,5,1,1,0
2021-01-31,93,19,4,1.0,9,5,3,1,5,1,0,0
2021-02-01,187,12,26,3.0,12,14,6,2,3,1,0,0
2021-02-02,165,18,24,1.0,10,9,6,1,4,1,0,0
2021-02-03,152,12,27,1.0,13,10,6,2,3,1,1,0
2021-02-04,175,14,25,0.0,13,9,5,2,4,1,1,1
2021-02-05,151,20,25,2.0,14,8,6,1,5,1,1,1
2021-02-06,118,23,3,1.0,8,7,4,0,5,1,1,0
2021-02-07,77,17,1,3.0,7,4,2,0,5,1,1,0
2021-02-08,149,13,25,2.0,12,9,5,1,3,1,1,0
2021-02-09,168,12,26,1.0,11,11,5,1,4,1,1,1
2021-02-10,174,16,27,2.0,17,11,6,2,4,0,1,0
2021-02-11,167,15,27,1.0,15,10,5,2,3,1,1,0
2021-02-12,164,20,26,4.0,15,12,6,2,4,1,0,1
2021-02-13,112,22,0,2.0,6,5,3,1,5,0,0,0
2021-02-14,82,19,3,1.0,7,4,2,1,4,0,0,1
2021-02-15,157,14,26,0.0,13,11,6,2,3,0,0,0
2021-02-16,160,12,27,2.0,15,10,6,1,3,1,1,0
2021-02-17,178,47,22,0.0,15,15,6,2,7,0,1,0
2021-02-18,169,12,19,2.0,14,9,5,2,3,1,0,1
2021-02-19,144,18,27,1.0,14,12,5,1,4,0,2,0
2021-02-20,119,23,0,0.0,7,6,3,0,5,0,0,1
2021-02-21,96,18,6,2.0,9,7,3,1,4,0,0,0
2021-02-22,157,13,23,2.0,12,11,6,0,4,0,0,0
2021-02-23,173,12,22,0.0,10,11,5,2,3,1,0,1
2021-02-24,178,12,26,0.0,12,11,5,2,3,0,0,0
2021-02-25,176,13,27,1.0,14,11,6,1,4,1,0,1
2021-02-26,155,19,27,1.0,14,11,7,2,4,0,0,1
2021-02-27,112,23,4,3.0,10,6,3,1,4,1,0,0
2021-02-28,104,20,0,2.0,9,7,3,1,4,1,0,0
2021-03-01,177,14,20,2.0,11,9,4,1,4,1,0,0
2021-03-02,160,14,24,1.0,12,11,6,1,4,1,0,0
2021-03-03,163,12,22,2.0,11,11,6,1,2,1,1,0
2021-03-04,152,14,26,0.0,11,10,5,1,2,0,0,0
2021-03-05,151,19,28,1.0,14,11,5,2,4,0,1,0
2021-03-06,125,24,3,0.0,10,6,4,0,4,1,0,0
2021-03-07,117,18,2,4.0,9,6,4,0,4,1,0,0
2021-03-08,164,12,24,1.0,12,10,5,1,2,1,0,1
2021-03-09,177,13,28,2.0,12,10,6,1,4,1,0,0
2021-03-10,170,14,20,2.0,11,11,5,1,3,1,1,0
2021-03-11,158,16,21,2.0,10,10,6,1,4,1,0,0
2021-03-12,170,19,30,1.0,13,11,6,2,4,1,0,0
2021-03-13,134,23,0,0.0,8,5,4,2,4,1,0,0
2021-03-14,100,19,4,1.0,9,5,2,1,4,2,0,0
2021-03-15,184,12,27,1.0,15,11,5,1,3,1,1,0
2021-03-16,134,18,19,1.0,15,8,5,2,3,1,1,1
2021-03-17,175,13,20,3.0,13,11,6,2,4,0,0,1
2021-03-18,166,12,29,2.0,13,11,6,1,2,1,1,0
2021-03-19,162,18,22,3.0,13,11,4,2,4,1,1,1
2021-03-20,116,25,0,1.0,9,5,5,0,5,1,0,0
2021-03-21,77,19,0,1.0,6,4,3,2,3,0,0,1
2021-03-22,163,13,22,3.0,13,8,4,2,3,1,0,0
2021-03-23,170,14,27,0.0,14,10,5,2,3,1,0,0
2021-03-24,183,15,21,2.0,13,11,6,2,4,1,1,0
2021-03-25,159,12,19,1.0,11,8,5,1,3,1,1,0
2021-03-26,156,18,28,1.0,15,10,6,1,4,1,1,0
2021-03-27,109,24,0,2.0,8,6,3,1,4,0,0,0
2021-03-28,111,19,0,2.0,7,6,3,1,4,1,0,1
2021-03-29,169,14,27,0.0,14,9,5,1,3,0,0,1
2021-03-30,159,13,25,0.0,14,13,6,1,2,1,0,1
2021-03-31,172,14,28,3.0,15,12,7,1,3,1,1,0
2021-04-01,167,12,28,1.0,13,10,5,2,2,1,1,0
2021-04-02,177,18,24,0.0,12,9,5,1,4,1,0,1
2021-04-03,107,23,5,1.0,9,7,3,1,4,0,0,0
2021-04-04,97,17,3,0.0,7,5,2,1,4,0,1,0
2021-04-05,161,16,23,1.0,11,9,5,1,4,1,0,0
2021-04-06,148,13,26,3.0,12,9,5,2,3,0,0,0
2021-04-07,169,17,21,1.0,15,9,5,2,4,0,0,1
2021-04-08,169,14,28,0.0,14,11,5,1,3,1,0,0
2021-04-09,166,20,27,1.0,14,12,6,2,5,1,1,0
2021-04-10,113,60,2,0.0,16,12,5,0,9,2,1,0
2021-04-11,84,19,0,3.0,7,4,3,0,3,0,1,0
2021-04-12,160,14,28,2.0,13,10,5,1,4,0,1,0
2021-04-13,161,44,26,0.0,21,13,6,1,8,1,1,1
2021-04-14,156,12,25,3.0,10,11,7,2,4,1,0,0
2021-04-15,164,12,24,2.0,13,11,4,1,3,1,1,1
2021-04-16,170,20,23,0.0,13,10,6,1,5,1,1,0
2021-04-17,138,23,1,1.0,11,8,4,1,4,1,0,0
2021-04-18,103,19,4,5.0,7,5,3,1,4,0,1,1
2021-04-19,169,12,23,1.0,14,9,4,1,3,1,1,0
2021-04-20,165,13,24,0.0,11,8,6,2,3,1,1,0
2021-04-21,143,14,25,1.0,13,10,6,1,4,0,0,0
2021-04-22,165,13,25,1.0,12,10,5,1,4,0,0,1
2021-04-23,166,20,23,2.0,16,12,5,2,4,1,1,0
2021-04-24,145,24,1,1.0,10,8,4,2,5,1,0,0
2021-04-25,98,21,3,2.0,8,7,3,1,4,0,0,1
2021-04-26,169,13,22,1.0,14,8,5,1,3,0,1,0
2021-04-27,165,13,25,3.0,13,11,6,1,4,0,1,0
2021-04-28,152,13,31,0.0,14,12,6,2,4,1,0,0
2021-04-29,179,12,25,1.0,14,11,5,2,3,0,0,0
2021-04-30,175,19,22,0.0,12,13,6,1,4,1,0,0
2021-05-01,125,23,0,1.0,9,6,3,0,5,2,0,1
2021-05-02,90,17,0,4.0,7,5,2,1,3,1,0,0
2021-05-03,182,36,27,1.0,15,17,7,1,8,2,0,1
2021-05-04,149,12,25,1.0,12,10,5,1,2,1,0,1
2021-05-05,173,15,18,0.0,11,9,6,2,4,0,1,0
2021-05-06,192,14,23,3.0,16,10,6,1,4,1,0,0
2021-05-07,154,19,26,2.0,15,11,4,2,3,1,1,1
2021-05-08,109,26,0,0.0,9,7,2,0,4,0,0,0
2021-05-09,102,19,0,2.0,6,6,3,1,3,0,0,1
2021-05-10,160,12,29,0.0,14,9,5,2,4,1,0,0
2021-05-11,147,13,16,0.0,9,8,5,1,2,0,0,0
2021-05-12,166,14,30,2.0,15,11,5,1,4,1,0,0
2021-05-13,153,12,22,2.0,11,9,5,2,3,1,0,0
2021-05-14,171,18,26,0.0,13,12,6,2,4,1,0,1
2021-05-15,105,24,0,2.0,8,6,3,2,4,1,0,0
2021-05-16,119,20,0,3.0,8,6,3,0,4,1,0,1
2021-05-17,156,14,19,1.0,10,10,5,2,3,0,1,0
2021-05-18,162,48,22,1.0,17,12,6,1,10,1,0,1
2021-05-19,175,13,23,1.0,12,12,6,1,3,1,0,1
2021-05-20,151,12,25,2.0,14,9,6,1,3,1,0,0
2021-05-21,168,19,17,2.0,14,8,6,1,5,1,0,0
2021-05-22,131,23,0,2.0,10,6,2,1,4,0,1,1
2021-05-23,81,17,2,2.0,8,4,2,1,3,1,1,1
2021-05-24,168,13,25,2.0,13,11,6,2,3,0,0,0
2021-05-25,169,13,21,2.0,11,13,6,2,3,1,0,0
2021-05-26,175,13,21,0.0,11,11,5,1,3,1,1,1
2021-05-27,151,14,22,1.0,11,9,6,2,3,1,0,0
2021-05-28,150,21,23,3.0,15,9,5,2,5,1,1,0
2021-05-29,122,23,3,1.0,8,7,4,0,5,1,0,0
2021-05-30,104,19,0,3.0,10,5,3,1,4,1,0,1
2021-05-31,169,16,20,0.0,11,9,6,2,3,2,1,0
2021-06-01,170,14,21,3.0,14,11,6,2,4,1,0,1
2021-06-02,158,12,26,3.0,15,10,6,2,2,0,0,1
2021-06-03,169,14,28,2.0,15,11,6,2,3,1,0,1
2021-06-04,169,21,21,0.0,16,10,5,1,5,1,0,0
2021-06-05,107,23,2,1.0,8,6,3,0,4,0,0,0
2021-06-06,123,18,5,1.0,9,7,3,1,4,1,0,0
2021-06-07,171,13,27,4.0,14,12,5,2,3,1,1,1
2021-06-08,151,14,27,2.0,14,12,5,2,4,0,0,0
2021-06-09,174,16,21,3.0,10,11,4,2,4,1,0,1
2021-06-10,154,16,27,1.0,13,12,5,2,3,0,0,0
2021-06-11,175,19,24,2.0,16,11,5,2,4,1,1,0
2021-06-12,130,23,5,2.0,10,6,3,1,5,1,0,1
2021-06-13,91,23,3,2.0,10,6,3,1,5,0,0,0
2021-06-14,177,13,23,3.0,13,11,5,2,3,2,0,1
2021-06-15,171,14,26,2.0,14,11,6,1,2,1,0,1
2021-06-16,176,12,27,1.0,16,11,5,1,3,0,1,1
2021-06-17,189,13,23,1.0,13,13,5,1,3,2,1,1
2021-06-18,163,21,25,1.0,17,10,7,2,4,0,1,1
2021-06-19,107,26,0,9.0,11,7,4,0,5,0,0,1
2021-06-20,90,20,4,2.0,9,6,2,1,4,0,0,1
2021-06-21,156,14,25,5.0,12,11,6,2,4,0,0,0
2021-06-22,165,12,28,4.0,15,12,7,2,4,1,0,1
2021-06-23,170,13,27,4.0,13,10,6,2,4,1,1,0
2021-06-24,169,13,24,3.0,13,10,5,1,2,1,1,1
2021-06-25,176,21,22,4.0,17,10,7,2,4,1,0,0
2021-06-26,116,26,0,4.0,9,7,3,0,5,1,0,0
2021-06-27,118,18,0,3.0,8,5,4,0,4,0,0,0
2021-06-28,163,13,28,4.0,14,10,5,2,3,1,0,0
2021-06-29,199,13,20,5.0,13,12,5,2,3,0,1,0
2021-06-30,173,13,22,4.0,13,10,6,1,3,1,0,0
2021-07-01,156,14,28,5.0,12,10,7,1,4,1,1,0
2021-07-02,153,20,29,7.0,16,10,8,2,5,1,1,0
2021-07-03,122,24,0,5.0,10,7,3,1,6,1,0,0
2021-07-04,98,20,0,8.0,8,6,3,1,4,1,0,1
2021-07-05,174,13,29,6.0,14,11,5,2,4,1,0,1
2021-07-06,172,14,25,5.0,15,11,5,2,3,1,0,0
2021-07-07,165,13,22,6.0,12,11,5,1,3,2,1,1
2021-07-08,156,14,28,8.0,14,11,6,2,4,1,1,0
2021-07-09,148,19,27,7.0,13,11,7,2,4,2,1,1
2021-07-10,111,23,4,8.0,10,8,3,1,5,1,0,0
2021-07-11,111,19,0,9.0,8,7,4,0,4,0,0,0
2021-07-12,169,13,26,10.0,13,11,5,2,4,1,0,1
2021-07-13,151,13,29,9.0,13,13,5,3,3,1,1,1
2021-07-14,168,12,27,10.0,16,15,5,2,3,0,1,1
2021-07-15,171,13,28,11.0,13,12,7,3,3,1,0,1
2021-07-16,155,19,29,12.0,17,12,8,2,4,1,1,0
2021-07-17,118,24,3,12.0,11,7,4,1,4,2,0,1
2021-07-18,102,17,0,12.0,10,6,3,1,4,1,0,0
2021-07-19,152,14,28,13.0,16,13,7,2,4,0,0,0
2021-07-20,170,15,22,14.0,12,15,7,1,4,1,1,0
2021-07-21,173,12,24,13.0,13,13,7,2,3,1,0,1
2021-07-22,179,14,27,13.0,15,12,6,2,4,2,1,0
2021-07-23,179,20,15,16.0,14,11,6,2,4,1,1,1
2021-07-24,99,43,3,14.0,16,9,4,1,9,1,0,0
2021-07-25,90,19,3,17.0,10,8,4,0,5,1,0,1
2021-07-26,172,12,22,18.0,14,12,6,2,4,1,0,0
2021-07-27,172,15,26,18.0,18,14,6,1,4,1,0,1
2021-07-28,172,15,26,19.0,14,13,6,3,4,1,1,1
2021-07-29,212,12,25,19.0,16,17,7,2,4,0,0,1
2021-07-30,173,19,29,18.0,18,13,6,1,5,1,0,0
2021-07-31,130,24,5,20.0,13,9,5,1,5,0,0,0
2021-08-01,113,18,4,21.0,7,8,5,1,4,1,1,0
2021-08-02,174,14,22,22.0,16,14,7,2,4,0,2,0
2021-08-03,162,12,25,22.0,16,15,6,1,4,1,1,1
2021-08-04,175,13,29,23.0,15,15,8,2,4,2,1,0
2021-08-05,157,15,24,23.0,12,14,8,1,4,1,1,0
2021-08-06,163,20,30,23.0,17,16,8,2,4,1,0,0
2021-08-07,110,25,4,26.0,13,8,5,2,4,1,1,0
2021-08-08,102,18,7,27.0,12,10,5,1,4,1,1,1
2021-08-09,194,12,22,25.0,13,13,7,2,2,1,1,1
2021-08-10,144,14,25,28.0,17,13,8,1,4,1,0,1
2021-08-11,174,13,25,28.0,19,13,9,2,4,1,1,1
2021-08-12,147,29,27,28.0,22,17,8,3,6,1,1,1
2021-08-13,160,18,23,29.0,20,14,7,3,4,2,1,1
2021-08-14,129,24,0,30.0,12,10,5,2,4,0,0,0
2021-08-15,102,18,3,32.0,14,9,5,2,3,0,1,1
2021-08-16,153,18,24,32.0,16,13,6,1,4,1,0,0
2021-08-17,158,15,24,30.0,19,11,7,2,4,1,0,0
2021-08-18,174,12,23,34.0,16,15,6,2,3,0,0,0
2021-08-19,157,14,25,32.0,18,15,7,2,5,1,0,1
2021-08-20,169,19,22,34.0,22,16,8,2,5,1,0,0
2021-08-21,117,24,1,36.0,16,11,5,2,5,1,1,0
2021-08-22,93,20,0,36.0,11,8,4,3,4,1,0,0
2021-08-23,192,14,23,34.0,16,14,7,3,3,0,1,0
2021-08-24,174,14,26,34.0,20,18,9,3,4,1,1,0
2021-08-25,142,14,27,34.0,20,15,9,1,4,0,0,0
2021-08-26,168,12,24,38.0,19,17,7,2,4,2,0,0
2021-08-27,158,19,28,34.0,18,17,11,2,4,2,1,0
2021-08-28,126,22,0,37.0,14,10,5,2,4,2,1,0
2021-08-29,92,19,0,38.0,13,9,5,2,5,1,0,1
2021-08-30,165,14,21,38.0,18,16,8,2,4,0,0,0
2021-08-31,172,13,22,37.0,16,13,8,2,4,1,1,0
2021-09-01,177,12,21,35.0,19,14,7,1,4,1,0,1
2021-09-02,152,12,31,37.0,23,15,9,2,4,0,1,0
2021-09-03,162,18,20,35.0,21,13,8,2,4,1,0,1
2021-09-04,111,26,5,37.0,11,12,6,2,5,1,0,0
2021-09-05,93,18,2,36.0,14,9,5,2,4,2,0,1
2021-09-06,187,13,26,35.0,20,15,7,2,4,2,1,1
2021-09-07,171,13,22,37.0,16,15,7,2,3,1,1,1
2021-09-08,151,15,26,35.0,14,17,7,2,3,1,0,0
2021-09-09,177,15,22,35.0,18,16,8,2,3,1,0,0
2021-09-10,192,21,28,35.0,22,17,9,2,6,2,1,0
2021-09-11,129,23,5,34.0,13,14,6,1,5,0,1,0
2021-09-12,83,18,2,36.0,14,10,4,1,4,1,0,0
2021-09-13,160,17,25,36.0,21,17,7,2,4,0,0,1
2021-09-14,181,13,26,35.0,20,15,8,2,4,0,1,1
2021-09-15,158,13,26,36.0,15,14,7,2,3,1,1,0
2021-09-16,172,13,28,32.0,18,16,8,2,3,1,1,0
2021-09-17,176,18,28,32.0,21,18,8,2,5,0,0,0
2021-09-18,105,22,2,32.0,14,10,5,2,6,1,0,0
2021-09-19,101,17,1,30.0,10,8,5,1,3,1,0,0
2021-09-20,127,15,27,32.0,16,12,8,2,4,1,1,1
2021-09-21,154,12,25,31.0,15,11,7,2,4,1,0,0
2021-09-22,163,12,25,28.0,16,14,5,2,3,1,0,0
2021-09-23,151,12,27,29.0,16,15,6,1,3,1,1,2
2021-09-24,186,19,28,28.0,18,11,9,2,5,1,1,1
2021-09-25,99,23,3,28.0,12,9,5,1,4,0,1,1
2021-09-26,96,17,0,27.0,11,7,4,0,3,0,1,0
2021-09-27,168,14,30,26.0,20,15,8,2,4,1,0,1
2021-09-28,184,12,30,25.0,14,14,8,3,4,1,1,0
2021-09-29,149,13,22,23.0,17,11,6,2,3,1,1,0
2021-09-30,180,12,22,26.0,15,12,7,2,3,0,0,0
2021-10-01,166,21,23,22.0,21,12,6,2,6,1,0,0
2021-10-02,105,24,5,23.0,14,9,5,1,4,1,0,0
2021-10-03,107,18,8,21.0,13,9,6,2,4,2,0,0
2021-10-04,169,13,23,23.0,16,14,6,2,3,1,1,0
2021-10-05,159,15,26,21.0,20,13,6,2,3,1,0,0
2021-10-06,167,13,23,19.0,15,14,6,1,3,1,1,1
2021-10-07,162,13,30,19.0,19,13,6,1,3,1,0,0
2021-10-08,168,19,27,17.0,16,15,7,1,5,0,1,1
2021-10-09,124,24,0,16.0,12,8,5,2,6,1,0,1
2021-10-10,120,18,0,19.0,13,8,4,2,3,1,0,1
2021-10-11,152,12,28,18.0,14,14,8,2,4,1,1,0
2021-10-12,192,13,23,15.0,16,11,7,2,3,0,0,1
2021-10-13,143,14,28,14.0,13,14,6,2,3,0,0,1
2021-10-14,165,13,26,13.0,15,11,6,2,4,0,0,0
2021-10-15,173,18,19,14.0,18,10,6,1,4,1,1,0
2021-10-16,120,27,0,14.0,10,7,4,2,5,1,0,1
2021-10-17,94,19,1,12.0,9,6,2,1,5,1,0,1
2021-10-18,164,12,23,12.0,12,11,7,2,2,1,1,1
2021-10-19,161,15,25,14.0,15,12,5,1,4,1,0,1
2021-10-20,159,15,26,13.0,16,11,7,2,4,0,0,0
2021-10-21,177,12,30,10.0,15,13,7,1,2,1,1,1
2021-10-22,171,20,26,12.0,19,13,6,2,4,2,0,0
2021-10-23,108,23,6,11.0,12,8,5,1,6,1,1,0
2021-10-24,112,18,1,10.0,7,7,3,0,4,0,0,1
2021-10-25,170,14,28,9.0,15,13,6,2,4,1,1,0
2021-10-26,176,14,24,10.0,17,12,5,1,4,1,1,0
2021-10-27,174,12,22,11.0,15,12,4,2,4,1,1,1
2021-10-28,157,13,22,8.0,13,12,5,2,3,1,0,0
2021-10-29,160,18,17,11.0,13,10,6,1,4,1,0,1
2021-10-30,125,23,5,8.0,11,9,3,1,5,1,0,1
2021-10-31,109,20,0,6.0,8,5,3,3,4,1,1,1
2021-11-01,166,12,29,5.0,10,12,6,3,3,1,0,1
2021-11-02,168,14,24,5.0,14,12,6,1,3,0,1,0
2021-11-03,182,48,20,6.0,23,14,8,2,9,1,1,0
2021-11-04,159,16,22,4.0,12,10,5,2,4,0,0,1
2021-11-05,173,19,26,8.0,16,12,6,1,3,1,0,0
2021-11-06,114,25,0,4.0,10,6,3,1,5,0,0,0
2021-11-07,99,17,4,7.0,9,6,3,1,3,1,0,1
2021-11-08,180,17,20,3.0,13,11,5,2,3,1,0,0
2021-11-09,176,15,23,5.0,15,12,5,2,3,0,0,1
2021-11-10,176,14,26,4.0,12,11,6,2,3,1,0,1
2021-11-11,182,12,26,2.0,12,10,6,2,3,0,0,0
2021-11-12,167,19,27,4.0,16,10,6,2,4,1,1,0
2021-11-13,125,22,0,3.0,9,6,3,0,5,1,1,0
2021-11-14,98,19,1,5.0,6,5,3,1,4,1,0,0
2021-11-15,170,12,28,5.0,14,13,6,2,2,1,0,1
2021-11-16,165,12,24,3.0,11,9,5,1,3,0,0,0
2021-11-17,168,14,26,1.0,17,11,5,1,3,1,1,0
2021-11-18,174,14,25,3.0,10,10,5,2,3,0,0,0
2021-11-19,157,19,29,2.0,15,11,6,2,4,1,0,0
2021-11-20,142,24,1,3.0,9,7,4,1,4,2,1,1
2021-11-21,90,18,0,2.0,8,5,3,1,4,1,0,0
2021-11-22,152,13,22,1.0,11,10,5,2,3,0,0,0
2021-11-23,181,13,26,1.0,15,10,6,2,4,1,1,1
2021-11-24,176,16,20,3.0,14,10,6,1,3,1,0,0
2021-11-25,174,12,23,1.0,11,10,6,1,2,1,0,1
2021-11-26,174,20,25,3.0,13,10,6,1,4,1,0,0
2021-11-27,117,22,0,2.0,8,6,3,1,4,0,0,0
2021-11-28,91,18,3,4.0,8,6,3,1,3,0,1,0
2021-11-29,168,13,27,1.0,13,13,4,2,4,1,0,0
2021-11-30,159,13,26,1.0,14,11,6,1,4,1,0,0
2021-12-01,178,13,15,0.0,11,9,5,1,3,0,0,0
2021-12-02,165,17,20,1.0,12,7,6,1,3,1,0,0
2021-12-03,157,19,20,0.0,11,13,4,1,4,2,0,0
2021-12-04,113,23,0,1.0,8,7,4,2,4,1,1,0
2021-12-05,107,17,0,1.0,7,5,3,2,4,1,0,0
2021-12-06,160,15,21,1.0,12,10,5,2,4,1,0,0
2021-12-07,157,14,20,0.0,14,7,5,0,2,1,0,1
2021-12-08,170,12,17,1.0,11,9,4,1,4,1,0,0
2021-12-09,170,13,20,3.0,12,10,5,0,2,1,0,1
2021-12-10,161,18,26,2.0,11,9,5,2,4,1,2,0
2021-12-11,111,24,0,3.0,7,6,4,2,5,1,0,0
2021-12-12,105,18,0,0.0,6,6,2,1,3,1,1,0
2021-12-13,149,13,20,2.0,11,10,4,0,3,1,0,0
2021-12-14,150,15,18,2.0,9,9,5,2,3,1,1,0
2021-12-15,158,15,19,2.0,10,10,4,2,3,0,0,0
2021-12-16,164,16,20,2.0,13,9,5,2,3,0,0,0
2021-12-17,170,20,22,6.0,13,12,5,2,5,1,0,0
2021-12-18,134,23,4,2.0,10,8,4,1,5,0,0,0
2021-12-19,112,20,0,2.0,8,6,3,0,4,0,0,0
2021-12-20,165,12,16,0.0,12,8,4,2,3,0,0,0
2021-12-21,167,17,15,1.0,12,8,4,2,3,0,0,0
2021-12-22,155,12,19,2.0,12,10,5,0,2,0,0,1
2021-12-23,167,14,17,1.0,13,10,5,1,2,1,1,0
2021-12-24,163,20,22,4.0,15,11,5,1,4,1,0,0
2021-12-25,121,25,0,1.0,10,6,3,1,5,1,1,0
2021-12-26,92,18,0,1.0,5,5,2,1,3,0,0,0
2021-12-27,173,14,22,1.0,12,9,6,1,3,1,1,0
2021-12-28,185,14,20,1.0,13,9,6,1,3,0,1,0
2021-12-29,166,13,26,4.0,13,10,7,1,3,1,0,0
2021-12-30,172,12,22,0.0,12,9,4,2,2,0,0,1
2021-12-31,175,23,23,0.0,14,12,6,1,5,1,0,0
2022-01-01,112,24,0,1.0,9,6,4,1,3,0,0,0
2022-01-02,105,17,0,2.0,7,5,2,0,3,1,1,0
2022-01-03,167,13,26,3.0,13,9,5,1,4,1,0,0
2022-01-04,168,15,20,0.0,14,10,5,2,4,1,0,0
2022-01-05,158,35,23,2.0,19,14,6,2,6,0,1,1
2022-01-06,167,12,29,0.0,13,9,4,1,2,2,1,0
2022-01-07,173,19,23,2.0,13,11,5,1,4,0,0,1
2022-01-08,134,26,0,2.0,8,6,4,0,5,2,0,0
2022-01-09,113,19,4,1.0,8,6,3,1,4,2,1,0
2022-01-10,193,13,31,2.0,16,13,5,2,4,1,1,1
2022-01-11,158,14,23,2.0,11,12,5,2,3,0,1,0
2022-01-12,177,16,29,0.0,14,11,7,2,4,0,2,0
2022-01-13,169,12,22,3.0,12,11,5,2,2,0,1,0
2022-01-14,193,19,25,1.0,12,13,6,1,4,1,1,0
2022-01-15,107,26,2,2.0,10,6,3,1,4,0,2,1
2022-01-16,92,18,0,1.0,7,5,3,1,3,0,0,1
2022-01-17,160,12,28,2.0,13,10,5,2,3,1,0,1
2022-01-18,141,13,20,2.0,13,9,5,1,3,0,0,0
2022-01-19,161,13,26,5.0,13,10,5,1,4,1,1,0
2022-01-20,158,12,28,2.0,12,11,6,1,4,1,1,1
2022-01-21,169,18,27,1.0,18,12,7,2,4,1,0,1
2022-01-22,121,26,3,3.0,9,8,4,1,5,1,0,0
2022-01-23,124,19,7,0.0,8,8,3,1,4,1,0,0
2022-01-24,178,13,24,2.0,14,12,5,1,3,1,0,0
2022-01-25,160,13,20,1.0,13,10,4,1,2,1,0,0
2022-01-26,156,13,25,3.0,14,10,6,1,3,1,0,0
2022-01-27,173,12,25,1.0,11,8,5,2,2,1,0,0
2022-01-28,151,19,19,0.0,15,11,5,2,5,1,0,0
2022-01-29,139,24,0,0.0,10,8,3,1,4,1,0,0
2022-01-30,116,17,0,0.0,6,5,2,1,3,1,1,0
2022-01-31,161,13,23,0.0,11,9,4,2,3,1,0,0
2022-02-01,146,14,24,0.0,12,11,5,1,2,0,0,0
2022-02-02,183,14,24,0.0,16,12,6,1,3,1,0,0
2022-02-03,166,13,23,3.0,13,8,5,2,4,0,1,0
2022-02-04,182,19,21,2.0,17,11,5,2,4,1,0,1
2022-02-05,98,23,3,5.0,10,7,3,1,4,1,1,0
2022-02-06,95,18,2,0.0,6,4,3,0,3,0,0,0
2022-02-07,167,13,25,0.0,15,9,6,2,4,2,1,0
2022-02-08,168,15,30,1.0,13,13,6,2,3,1,1,0
2022-02-09,162,14,25,0.0,12,10,6,2,3,0,0,0
2022-02-10,174,16,24,2.0,14,10,6,1,3,1,1,1
2022-02-11,154,20,25,1.0,14,10,5,1,4,0,0,0
2022-02-12,115,24,2,1.0,10,5,3,1,3,0,0,0
2022-02-13,103,19,4,3.0,9,6,3,1,4,0,0,0
2022-02-14,173,36,25,2.0,18,14,8,3,8,1,0,0
2022-02-15,176,12,19,1.0,14,11,4,2,3,1,1,0
2022-02-16,154,13,24,1.0,11,9,5,1,4,1,0,0
2022-02-17,149,14,25,2.0,11,10,5,2,3,1,1,0
2022-02-18,182,19,29,1.0,16,13,5,3,5,1,1,0
2022-02-19,121,23,0,1.0,9,7,3,1,4,1,0,1
2022-02-20,93,18,0,0.0,7,5,2,1,3,0,0,1
2022-02-21,186,13,25,1.0,14,12,6,1,3,1,0,0
2022-02-22,168,13,28,1.0,13,13,4,1,2,1,1,0
2022-02-23,181,12,24,0.0,15,8,5,2,3,0,1,0
2022-02-24,168,14,32,2.0,15,14,5,0,5,1,0,1
2022-02-25,192,20,31,1.0,15,15,7,1,5,0,1,0
2022-02-26,138,24,2,2.0,11,6,4,1,5,1,0,1
2022-02-27,99,17,3,1.0,7,5,3,1,3,1,0,0
2022-02-28,179,15,29,1.0,14,12,6,1,3,1,1,0
2022-03-01,175,13,25,4.0,12,10,6,2,4,1,1,0
2022-03-02,184,12,23,1.0,11,10,6,1,3,0,0,0
2022-03-03,156,13,28,1.0,15,11,4,1,4,1,0,0
2022-03-04,175,19,26,3.0,13,10,6,2,4,2,1,0
2022-03-05,130,26,0,0.0,9,6,3,0,5,1,0,0
2022-03-06,81,18,3,2.0,7,6,2,1,4,0,0,0
2022-03-07,153,12,25,2.0,14,12,5,1,3,1,0,0
2022-03-08,143,14,24,1.0,11,8,5,2,3,0,0,0
2022-03-09,164,13,23,0.0,13,7,5,1,3,0,0,0
2022-03-10,176,13,25,0.0,13,12,5,2,3,1,0,0
2022-03-11,185,19,24,2.0,11,14,5,2,4,0,0,0
2022-03-12,118,23,3,1.0,9,7,3,0,5,1,0,1
2022-03-13,122,18,4,1.0,8,6,4,1,4,1,0,0
2022-03-14,151,15,26,1.0,13,9,6,2,4,0,0,0
2022-03-15,147,13,26,2.0,11,11,6,2,3,0,0,0
2022-03-16,167,12,23,1.0,11,11,5,2,3,1,1,0
2022-03-17,172,12,29,1.0,15,10,5,2,3,1,1,1
2022-03-18,167,19,22,2.0,13,11,6,2,5,1,1,0
2022-03-19,92,25,0,0.0,6,5,3,1,4,1,0,0
2022-03-20,101,17,0,3.0,8,5,3,1,3,1,1,1
2022-03-21,152,12,28,3.0,14,8,6,2,3,1,0,0
2022-03-22,175,14,26,1.0,15,11,6,2,3,0,1,0
2022-03-23,172,12,29,0.0,12,10,5,2,4,1,1,0
2022-03-24,156,12,21,1.0,11,11,4,2,3,1,0,0
2022-03-25,161,19,32,2.0,16,13,6,2,5,1,1,0
2022-03-26,105,22,1,2.0,9,6,2,1,4,1,1,0
2022-03-27,101,18,0,1.0,7,4,2,0,3,1,0,0
2022-03-28,179,13,32,4.0,16,12,7,1,2,1,1,0
2022-03-29,155,12,21,3.0,11,10,6,2,4,0,0,0
2022-03-30,173,14,24,4.0,10,10,6,2,2,1,1,1
2022-03-31,161,13,24,2.0,14,10,5,1,4,1,0,0
2022-04-01,158,19,26,1.0,12,11,5,1,5,2,1,0
2022-04-02,116,25,0,0.0,9,5,3,2,6,1,0,0
2022-04-03,90,17,5,2.0,8,5,3,1,4,0,0,1
2022-04-04,161,12,27,2.0,13,12,5,1,3,1,0,0
2022-04-05,153,15,25,2.0,14,10,6,1,3,1,1,1
2022-04-06,191,13,29,0.0,18,15,6,1,3,0,0,0
2022-04-07,168,15,25,0.0,14,11,6,2,3,0,1,0
2022-04-08,159,20,24,1.0,13,8,5,2,4,1,1,0
2022-04-09,120,26,8,2.0,9,8,3,1,5,0,1,1
2022-04-10,101,19,3,6.0,9,5,3,1,4,1,1,0
2022-04-11,165,16,22,2.0,13,11,5,1,4,1,1,1
2022-04-12,175,13,22,0.0,10,9,6,1,3,1,0,0
2022-04-13,176,13,25,0.0,15,10,5,1,3,0,1,1
2022-04-14,161,15,18,3.0,13,11,5,2,3,0,0,0
2022-04-15,160,20,23,1.0,14,9,6,2,5,2,0,1
2022-04-16,114,22,2,2.0,11,6,3,1,4,1,1,0
2022-04-17,75,17,1,2.0,7,4,2,0,3,1,1,0
2022-04-18,149,13,21,1.0,10,11,5,1,3,1,0,0
2022-04-19,184,14,24,2.0,15,10,7,2,4,1,1,0
2022-04-20,187,36,29,8.0,21,13,8,3,7,1,1,2
2022-04-21,164,15,28,1.0,17,11,5,1,3,0,1,1
2022-04-22,174,21,25,3.0,17,10,7,2,5,1,0,0
2022-04-23,121,22,2,1.0,9,6,3,1,5,1,0,1
2022-04-24,139,17,2,2.0,9,7,4,1,3,0,0,0
2022-04-25,181,14,26,0.0,11,7,6,2,3,1,0,0
2022-04-26,166,16,25,1.0,12,9,6,3,3,1,0,0
2022-04-27,156,13,26,3.0,13,10,6,2,3,0,0,0
2022-04-28,148,12,27,0.0,10,12,5,2,3,1,0,0
2022-04-29,170,19,21,3.0,14,11,5,1,4,1,1,0
2022-04-30,108,23,1,0.0,8,6,2,0,5,1,0,0
2022-05-01,85,19,0,1.0,6,4,2,1,4,1,0,0
2022-05-02,160,13,19,2.0,12,9,4,2,3,1,0,0
2022-05-03,154,14,20,0.0,11,9,5,1,3,1,0,0
2022-05-04,188,12,21,0.0,13,10,5,1,3,1,0,0
2022-05-05,178,14,21,3.0,13,13,6,1,4,0,1,0
2022-05-06,167,22,23,1.0,12,10,6,2,5,0,0,1
2022-05-07,135,25,0,4.0,11,7,3,1,5,1,0,0
2022-05-08,103,17,2,0.0,8,5,3,1,3,0,0,0
2022-05-09,157,14,21,2.0,13,11,5,2,3,0,0,1
2022-05-10,186,14,22,2.0,16,10,4,1,2,1,0,1
2022-05-11,174,13,21,1.0,12,9,4,1,3,1,0,0
2022-05-12,155,12,23,2.0,9,8,4,1,3,1,1,1
2022-05-13,165,20,27,5.0,14,13,6,2,4,1,0,0
2022-05-14,107,24,0,1.0,9,5,3,1,5,1,0,1
2022-05-15,86,17,0,2.0,6,5,2,0,4,0,0,0
2022-05-16,179,13,20,0.0,10,12,5,1,3,1,0,0
2022-05-17,190,15,22,1.0,11,13,6,1,4,0,0,0
2022-05-18,151,14,22,2.0,14,9,5,2,3,1,1,1
2022-05-19,174,12,22,3.0,13,10,5,1,3,0,0,0
2022-05-20,160,18,23,2.0,13,10,6,2,3,0,0,0
2022-05-21,112,24,0,1.0,11,6,4,1,5,0,1,0
2022-05-22,95,18,0,0.0,9,4,2,1,3,1,0,1
2022-05-23,157,13,28,1.0,15,10,6,2,2,0,1,0
2022-05-24,168,15,24,2.0,14,12,5,2,4,1,1,0
2022-05-25,158,14,19,1.0,12,9,5,1,3,0,1,0
2022-05-26,171,12,17,1.0,12,9,4,1,3,0,1,0
2022-05-27,167,18,20,0.0,16,9,4,2,5,0,0,0
2022-05-28,115,24,0,1.0,8,7,3,1,4,0,0,0
2022-05-29,92,17,0,2.0,6,5,2,1,4,0,2,0
2022-05-30,161,15,20,2.0,12,10,5,1,4,1,0,0
2022-05-31,177,13,22,1.0,13,8,6,1,3,2,0,0
2022-06-01,174,13,24,2.0,15,12,5,2,3,2,0,0
2022-06-02,156,15,19,2.0,12,8,4,1,4,1,0,0
2022-06-03,169,19,28,1.0,16,12,7,1,4,1,1,0
2022-06-04,127,22,5,0.0,10,6,3,1,5,0,0,1
2022-06-05,83,21,0,2.0,7,4,3,0,4,0,0,0
2022-06-06,174,13,25,1.0,12,12,6,2,4,0,1,0
2022-06-07,160,15,22,3.0,13,10,5,2,3,0,0,0
2022-06-08,174,13,23,1.0,12,10,5,2,3,0,2,0
2022-06-09,158,15,26,2.0,12,13,5,1,3,1,0,0
2022-06-10,146,19,27,2.0,14,13,6,2,3,1,1,1
2022-06-11,98,22,4,2.0,8,6,4,1,4,0,0,0
2022-06-12,103,18,3,2.0,10,5,3,0,3,1,0,0
2022-06-13,171,14,29,1.0,14,13,4,3,3,1,0,0
2022-06-14,157,13,23,4.0,15,8,6,1,4,1,0,0
2022-06-15,175,12,24,2.0,11,11,5,1,3,1,0,0
2022-06-16,148,13,17,2.0,9,8,5,2,3,1,1,0
2022-06-17,167,19,25,3.0,14,11,5,1,4,0,0,0
2022-06-18,103,24,4,2.0,10,7,3,1,4,1,0,1
2022-06-19,95,20,3,3.0,8,5,4,1,4,1,1,0
2022-06-20,168,17,23,2.0,13,10,6,1,4,1,1,0
2022-06-21,157,15,28,3.0,15,12,6,1,4,0,0,0
2022-06-22,163,14,25,3.0,12,13,5,1,4,0,0,0
2022-06-23,180,15,27,4.0,13,15,6,2,4,2,0,1
2022-06-24,161,20,26,7.0,16,10,6,1,5,1,2,0
2022-06-25,128,24,6,3.0,9,7,3,1,4,1,0,0
2022-06-26,89,18,3,9.0,8,5,2,1,5,1,2,0
2022-06-27,174,13,27,4.0,14,12,5,1,4,2,0,0
2022-06-28,185,28,25,3.0,18,13,7,2,7,1,0,0
2022-06-29,138,33,23,5.0,18,13,7,2,8,1,1,1
2022-06-30,158,15,26,6.0,15,11,4,2,4,1,1,0
2022-07-01,175,19,30,6.0,15,14,7,1,4,1,1,0
2022-07-02,115,23,0,5.0,10,6,3,1,4,1,0,0
2022-07-03,107,20,1,6.0,9,6,2,1,4,0,0,0
2022-07-04,160,13,25,9.0,15,10,6,1,3,0,0,1
2022-07-05,169,13,27,8.0,13,14,6,2,4,0,1,1
2022-07-06,166,13,26,8.0,15,10,8,2,3,1,1,0
2022-07-07,182,13,28,6.0,14,12,6,2,3,1,0,0
2022-07-08,171,18,31,7.0,16,16,6,2,4,2,0,0
2022-07-09,122,25,0,9.0,11,8,3,1,5,1,0,1
2022-07-10,98,18,4,8.0,11,6,3,0,4,0,0,0
2022-07-11,162,12,26,9.0,12,10,6,2,3,1,1,0
2022-07-12,163,14,25,10.0,16,12,5,2,3,0,0,0
2022-07-13,173,13,27,8.0,17,13,6,2,3,1,0,0
2022-07-14,163,14,24,12.0,16,13,6,1,3,1,1,0
2022-07-15,171,19,26,11.0,15,10,6,3,5,1,0,0
2022-07-16,143,24,0,11.0,13,9,3,1,6,1,0,0
2022-07-17,113,17,0,13.0,9,6,4,1,4,1,1,0
2022-07-18,164,14,28,12.0,16,14,6,3,4,1,0,0
2022-07-19,182,13,28,15.0,16,11,6,2,3,1,1,0
2022-07-20,163,14,26,12.0,14,10,7,3,4,1,1,0
2022-07-21,143,15,24,13.0,15,14,6,2,4,1,0,0
2022-07-22,156,19,27,18.0,20,16,7,2,4,1,0,0
2022-07-23,95,24,6,14.0,12,8,5,1,4,1,0,0
2022-07-24,99,18,1,15.0,11,7,4,1,4,1,0,0
2022-07-25,168,15,21,16.0,14,12,7,2,4,1,1,1
2022-07-26,188,13,26,17.0,16,14,8,3,3,1,1,0
2022-07-27,172,13,28,17.0,14,14,7,2,4,0,1,0
2022-07-28,165,13,27,19.0,15,13,5,2,3,1,0,2
2022-07-29,178,19,30,20.0,18,11,8,2,4,2,1,1
2022-07-30,91,22,7,18.0,11,8,5,2,5,1,0,0
2022-07-31,106,18,1,19.0,9,6,4,1,3,1,0,1
2022-08-01,177,13,26,23.0,15,15,7,2,4,0,0,1
2022-08-02,150,13,24,21.0,15,13,7,2,3,0,0,0
2022-08-03,182,13,22,21.0,18,13,7,2,3,1,0,0
2022-08-04,172,15,22,23.0,13,13,5,1,4,1,1,0
2022-08-05,163,18,27,26.0,13,18,9,1,5,1,1,0
2022-08-06,126,23,3,25.0,10,11,4,1,5,2,0,1
2022-08-07,130,19,5,25.0,11,10,5,1,4,1,0,1
2022-08-08,170,12,33,25.0,19,14,7,2,3,1,0,1
2022-08-09,171,14,26,27.0,16,16,7,2,4,1,0,0
2022-08-10,162,13,23,26.0,15,13,8,2,5,1,0,0
2022-08-11,158,15,28,27.0,17,13,7,2,4,0,0,0
2022-08-12,178,19,23,28.0,14,14,8,1,4,1,1,0
2022-08-13,108,26,7,28.0,16,12,6,2,5,0,0,0
2022-08-14,104,17,0,32.0,13,10,4,1,3,1,0,0
2022-08-15,162,14,23,30.0,16,15,7,2,3,1,1,0
2022-08-16,174,13,27,31.0,18,16,8,2,4,1,0,2
2022-08-17,172,13,29,32.0,19,15,8,3,4,1,0,0
2022-08-18,180,18,23,32.0,16,14,6,2,4,2,1,1
2022-08-19,162,20,22,32.0,17,15,8,2,5,1,0,1
2022-08-20,115,23,2,35.0,17,11,6,1,5,2,0,0
2022-08-21,91,47,8,33.0,19,12,6,2,9,2,1,1
2022-08-22,163,17,20,34.0,18,14,8,3,5,0,1,0
2022-08-23,173,13,24,35.0,16,16,7,3,4,1,1,0
2022-08-24,177,15,26,34.0,18,15,8,2,4,2,0,1
2022-08-25,157,13,23,36.0,19,17,6,2,3,1,0,0
2022-08-26,178,19,23,38.0,18,14,8,2,4,1,1,1
2022-08-27,134,22,1,36.0,17,10,6,1,5,0,0,1
2022-08-28,108,20,3,36.0,11,10,6,2,5,0,1,0
2022-08-29,191,36,24,36.0,22,20,10,2,7,1,1,0
2022-08-30,159,14,29,37.0,16,16,8,2,3,0,1,1
2022-08-31,153,13,27,35.0,21,13,8,2,3,1,1,0
2022-09-01,147,13,26,37.0,18,12,7,3,4,1,1,1
2022-09-02,186,20,28,38.0,20,15,8,2,5,1,1,1
2022-09-03,126,22,3,36.0,15,9,6,2,4,0,0,0
2022-09-04,102,17,1,36.0,14,11,6,1,4,0,0,0
2022-09-05,171,14,24,36.0,19,13,9,3,3,2,0,1
2022-09-06,155,14,22,36.0,20,16,6,2,4,0,0,0
2022-09-07,197,14,31,36.0,20,18,8,3,5,1,1,1
2022-09-08,170,12,28,39.0,17,18,7,2,4,2,1,1
2022-09-09,169,39,17,36.0,23,15,9,2,9,1,1,1
2022-09-10,127,23,6,37.0,14,13,7,2,4,1,0,0
2022-09-11,109,19,0,33.0,13,10,6,2,5,1,1,0
2022-09-12,171,12,27,34.0,17,15,6,2,3,1,0,1
2022-09-13,159,13,18,34.0,16,13,7,2,4,1,1,1
2022-09-14,174,13,24,32.0,13,16,7,2,4,1,0,1
2022-09-15,191,15,29,32.0,19,18,8,2,3,1,1,1
2022-09-16,184,18,29,32.0,19,16,7,3,5,1,0,0
2022-09-17,137,22,3,33.0,16,10,7,2,5,1,1,0
2022-09-18,97,18,4,32.0,14,9,4,1,3,2,0,1
2022-09-19,156,14,21,31.0,16,14,6,2,4,1,1,0
2022-09-20,167,13,27,31.0,14,15,8,3,3,2,0,1
2022-09-21,169,16,28,31.0,18,15,8,2,4,1,0,0
2022-09-22,181,14,33,30.0,22,14,9,3,3,0,2,0
2022-09-23,148,18,23,29.0,17,13,6,2,4,2,0,0
2022-09-24,137,23,2,32.0,12,10,6,1,4,1,0,0
2022-09-25,101,20,2,27.0,13,9,5,1,3,1,1,0
2022-09-26,163,14,27,27.0,14,19,7,2,3,1,0,0
2022-09-27,156,13,28,26.0,17,15,7,3,3,1,1,0
2022-09-28,148,12,28,25.0,17,16,7,2,3,1,0,0
2022-09-29,178,31,28,23.0,21,15,8,3,7,1,1,1
2022-09-30,169,21,21,23.0,14,14,7,2,5,1,1,1
2022-10-01,103,25,0,24.0,11,10,4,2,5,1,0,1
2022-10-02,88,17,0,21.0,9,6,4,0,4,0,0,0
2022-10-03,164,14,25,22.0,18,13,6,2,3,0,0,0
2022-10-04,188,12,23,24.0,17,15,7,2,4,2,0,0
2022-10-05,165,16,24,20.0,15,13,6,2,4,2,1,0
2022-10-06,150,12,24,18.0,15,11,6,2,3,1,0,0
2022-10-07,165,19,27,18.0,15,13,7,2,5,2,0,0
2022-10-08,115,24,0,18.0,12,8,5,2,4,1,0,0
2022-10-09,71,17,2,16.0,9,5,4,0,4,1,1,1
2022-10-10,168,13,25,18.0,15,13,7,2,3,1,2,1
2022-10-11,165,12,27,16.0,15,14,6,2,3,1,0,1
2022-10-12,177,15,28,17.0,16,13,7,1,3,1,0,1
2022-10-13,190,15,30,15.0,19,11,7,2,4,1,0,1
2022-10-14,182,19,23,14.0,16,12,5,2,5,1,0,0
2022-10-15,115,24,0,14.0,10,8,4,2,5,1,0,0
2022-10-16,90,17,1,15.0,8,6,3,1,4,1,0,0
2022-10-17,199,13,20,12.0,15,12,7,2,3,1,0,0
2022-10-18,169,15,33,12.0,17,14,6,3,4,1,1,0
2022-10-19,168,15,22,12.0,13,13,7,3,4,1,1,1
2022-10-20,168,12,27,11.0,14,12,6,2,2,2,0,0
2022-10-21,171,18,28,17.0,17,14,6,1,5,1,0,1
2022-10-22,117,23,3,12.0,9,7,5,2,5,1,0,1
2022-10-23,96,19,8,11.0,10,7,4,1,4,1,0,0
2022-10-24,162,12,24,9.0,11,12,7,1,3,0,0,0
2022-10-25,168,13,22,8.0,11,10,6,2,3,1,0,1
2022-10-26,162,14,22,10.0,13,12,6,2,3,1,1,0
2022-10-27,160,12,27,8.0,13,11,6,2,3,2,0,1
2022-10-28,170,18,24,10.0,16,10,6,1,5,1,0,1
2022-10-29,115,22,0,6.0,9,6,3,2,5,1,0,0
2022-10-30,121,19,3,5.0,10,8,3,1,4,0,0,0
2022-10-31,137,14,27,8.0,14,11,6,2,4,1,1,1
2022-11-01,181,14,26,7.0,15,10,5,2,3,1,1,0
2022-11-02,183,13,28,6.0,12,10,6,2,4,1,0,0
2022-11-03,143,16,25,5.0,11,10,6,2,4,0,1,0
2022-11-04,164,20,23,5.0,14,10,5,2,4,1,1,1
2022-11-05,114,24,4,5.0,10,6,3,1,5,2,1,0
2022-11-06,86,18,0,4.0,7,6,2,0,3,0,1,0
2022-11-07,159,13,22,5.0,14,11,6,2,4,1,1,0
2022-11-08,155,14,28,5.0,12,11,5,2,3,0,1,0
2022-11-09,189,14,24,6.0,17,11,7,1,4,1,0,0
2022-11-10,180,13,30,3.0,12,12,6,1,3,1,1,0
2022-11-11,184,20,28,5.0,17,15,7,2,6,2,0,1
2022-11-12,127,24,1,5.0,8,6,4,2,4,1,1,0
2022-11-13,90,17,3,3.0,8,4,4,1,4,1,0,0
2022-11-14,162,13,33,3.0,12,13,7,2,3,2,0,0
2022-11-15,174,12,27,3.0,9,12,6,2,3,1,1,0
2022-11-16,154,15,27,2.0,13,13,6,0,3,1,0,0
2022-11-17,177,13,23,2.0,13,10,6,2,3,1,1,0
2022-11-18,166,20,31,2.0,17,12,8,2,4,1,1,0
2022-11-19,114,39,6,1.0,13,11,5,1,7,1,0,0
2022-11-20,112,17,0,2.0,7,6,2,0,3,0,0,2
2022-11-21,174,16,31,3.0,14,12,6,1,3,1,1,0
2022-11-22,164,14,25,1.0,18,11,5,1,3,0,1,1
2022-11-23,182,13,22,3.0,12,10,5,2,3,0,2,0
2022-11-24,155,12,23,2.0,13,10,6,2,2,1,0,0
2022-11-25,176,19,28,2.0,16,12,6,2,4,0,0,0
2022-11-26,126,23,0,2.0,10,7,3,1,4,0,0,0
2022-11-27,100,17,0,3.0,7,4,2,0,4,0,0,0
2022-11-28,172,15,24,2.0,13,11,5,1,3,2,1,0
2022-11-29,153,14,24,1.0,10,9,6,2,3,1,0,0
2022-11-30,180,12,23,1.0,13,13,6,1,3,1,0,0
2022-12-01,166,14,19,0.0,12,9,4,2,4,0,1,0
2022-12-02,162,19,23,0.0,13,8,7,2,4,0,0,0
2022-12-03,131,22,0,0.0,9,8,3,1,4,0,0,0
2022-12-04,95,19,0,1.0,7,4,3,0,4,0,0,1
2022-12-05,152,16,19,0.0,11,9,4,1,4,0,1,1
2022-12-06,150,15,20,3.0,13,8,5,2,3,1,0,0
2022-12-07,176,14,20,1.0,12,10,5,1,4,1,0,1
2022-12-08,153,14,20,3.0,11,11,4,1,3,0,0,0
2022-12-09,190,19,23,2.0,13,12,7,2,4,1,1,1
2022-12-10,94,23,0,2.0,9,4,2,0,4,0,0,0
2022-12-11,124,20,0,2.0,8,5,3,1,4,1,0,0
2022-12-12,171,14,24,1.0,16,12,5,2,3,1,0,0
2022-12-13,167,13,26,1.0,13,11,5,1,3,1,1,0
2022-12-14,162,14,16,2.0,10,8,5,1,4,1,1,1
2022-12-15,173,14,15,2.0,11,9,5,1,2,0,0,1
2022-12-16,168,18,19,2.0,14,9,6,1,4,1,1,0
2022-12-17,132,24,0,4.0,9,6,3,0,5,0,0,0
2022-12-18,105,17,0,3.0,7,4,3,0,4,0,0,0
2022-12-19,170,13,23,2.0,14,11,5,1,4,0,0,0
2022-12-20,164,15,19,1.0,14,9,4,2,3,2,0,0
2022-12-21,168,16,14,1.0,11,9,5,2,4,1,0,0
2022-12-22,172,15,16,1.0,11,6,5,2,3,2,0,0
2022-12-23,148,19,22,2.0,13,10,5,2,4,1,0,0
2022-12-24,102,24,0,0.0,9,6,4,0,5,0,0,0
2022-12-25,113,17,0,3.0,6,4,2,1,4,1,0,1
2022-12-26,171,15,24,2.0,14,11,5,1,4,2,1,0
2022-12-27,166,13,21,1.0,12,10,5,0,2,1,1,0
2022-12-28,169,13,20,0.0,10,9,5,1,2,1,1,0
2022-12-29,173,12,18,0.0,13,10,5,1,3,1,0,0
2022-12-30,162,18,25,1.0,15,12,5,1,5,1,0,0
2022-12-31,109,23,0,0.0,10,8,3,1,4,1,1,0
2023-01-01,106,18,3,1.0,9,5,4,1,3,0,0,0
2023-01-02,157,13,23,1.0,12,10,5,2,4,0,0,0
2023-01-03,174,13,30,2.0,15,14,7,1,3,1,1,0
2023-01-04,148,13,25,1.0,13,9,5,1,4,0,0,0
2023-01-05,181,12,26,1.0,12,13,5,2,3,1,0,0
2023-01-06,174,21,25,0.0,12,12,7,1,5,1,0,0
2023-01-07,122,23,0,3.0,9,5,3,1,5,0,0,0
2023-01-08,115,17,3,1.0,8,5,3,0,4,1,0,0
2023-01-09,189,12,27,2.0,13,11,6,2,4,1,0,0
2023-01-10,181,12,24,3.0,13,11,6,2,3,1,0,0
2023-01-11,147,14,26,4.0,16,12,5,2,4,1,0,1
2023-01-12,153,15,25,3.0,10,10,6,2,3,1,1,0
2023-01-13,161,18,28,0.0,15,13,6,2,4,1,0,1
2023-01-14,119,22,1,3.0,10,6,3,1,3,1,1,1
2023-01-15,110,17,3,1.0,9,5,2,1,3,0,0,0
2023-01-16,160,13,26,0.0,10,10,5,2,4,0,1,0
2023-01-17,171,16,24,1.0,13,12,6,2,4,1,0,1
2023-01-18,160,13,23,2.0,12,10,5,2,3,1,0,0
2023-01-19,161,12,23,4.0,13,9,5,2,3,1,0,1
2023-01-20,152,18,26,4.0,12,11,6,1,4,1,1,0
2023-01-21,108,24,1,2.0,9,6,3,1,5,0,0,0
2023-01-22,88,18,1,2.0,6,4,2,1,4,1,0,0
2023-01-23,157,12,27,2.0,12,12,5,1,4,0,0,1
2023-01-24,181,13,28,1.0,16,11,6,2,3,2,0,0
2023-01-25,157,12,29,0.0,14,13,6,2,3,1,0,0
2023-01-26,200,37,23,0.0,18,15,7,2,9,2,0,1
2023-01-27,175,19,28,0.0,12,11,6,2,5,2,0,1
2023-01-28,121,22,8,1.0,10,6,3,2,5,0,0,0
2023-01-29,93,17,2,3.0,8,4,3,0,3,0,0,0
2023-01-30,177,15,25,2.0,10,12,5,1,4,0,0,0
2023-01-31,162,13,24,0.0,13,9,5,1,3,0,0,0
2023-02-01,170,47,22,1.0,17,10,8,1,11,1,0,1
2023-02-02,200,14,28,2.0,12,10,6,2,4,0,0,1
2023-02-03,168,20,25,0.0,12,10,6,2,4,0,0,0
2023-02-04,133,23,2,2.0,7,7,3,1,6,1,1,0
2023-02-05,95,18,4,1.0,7,5,2,0,3,0,0,0
2023-02-06,168,14,27,3.0,12,12,6,1,3,2,1,0
2023-02-07,190,14,23,2.0,15,10,5,2,3,1,0,1
2023-02-08,161,14,23,2.0,12,10,5,1,3,1,0,0
2023-02-09,191,13,23,3.0,12,13,4,2,4,0,0,0
2023-02-10,177,20,31,1.0,13,12,6,2,5,1,1,0
2023-02-11,112,24,6,2.0,9,7,4,1,4,0,0,0
2023-02-12,111,19,4,1.0,10,5,3,1,4,0,1,0
2023-02-13,181,12,24,5.0,16,11,6,2,3,1,0,0
2023-02-14,176,16,24,0.0,13,11,5,1,4,1,0,0
2023-02-15,150,14,26,0.0,12,11,6,1,4,1,0,0
2023-02-16,160,13,32,3.0,15,12,7,1,3,0,0,1
2023-02-17,166,20,26,2.0,13,11,5,2,5,0,0,0
2023-02-18,118,24,4,3.0,10,7,4,0,5,0,0,0
2023-02-19,111,17,0,1.0,9,5,3,1,3,0,0,1
2023-02-20,171,13,26,0.0,14,10,6,1,3,1,1,0
2023-02-21,153,14,21,3.0,13,10,4,2,4,1,1,0
2023-02-22,173,13,24,2.0,15,12,5,2,2,1,2,0
2023-02-23,176,15,25,2.0,15,10,5,1,4,0,0,0
2023-02-24,176,19,24,1.0,14,11,4,2,4,1,0,1
2023-02-25,132,56,0,0.0,14,8,5,1,9,1,0,1
2023-02-26,114,19,0,2.0,8,5,3,1,4,0,2,1
2023-02-27,174,12,24,0.0,11,11,5,1,2,0,1,0
2023-02-28,168,13,24,3.0,12,10,5,2,3,1,0,0
2023-03-01,149,13,25,4.0,11,10,5,1,4,0,1,0
2023-03-02,174,14,25,1.0,13,9,4,1,3,0,0,0
2023-03-03,171,19,29,1.0,12,11,6,2,5,1,2,0
2023-03-04,122,24,0,3.0,8,5,4,1,5,0,1,0
2023-03-05,89,19,3,3.0,8,6,3,1,4,1,0,0
2023-03-06,156,12,25,0.0,13,10,6,1,3,1,1,0
2023-03-07,182,16,25,1.0,15,12,6,2,3,0,0,0
2023-03-08,169,15,23,1.0,12,11,6,1,3,0,1,1
2023-03-09,177,12,25,2.0,13,11,5,2,3,1,0,0
2023-03-10,169,19,20,1.0,16,8,6,2,3,1,1,1
2023-03-11,119,23,3,3.0,9,6,3,0,5,0,0,0
2023-03-12,115,19,3,0.0,10,4,3,1,4,0,0,0
2023-03-13,163,13,23,0.0,10,9,5,1,3,1,1,1
2023-03-14,170,12,31,2.0,11,10,7,1,3,0,0,0
2023-03-15,163,12,25,3.0,12,10,5,2,3,0,0,1
2023-03-16,164,13,25,4.0,13,14,7,1,3,1,0,0
2023-03-17,165,19,29,1.0,13,13,6,0,4,0,1,0
2023-03-18,122,23,8,2.0,10,9,3,1,5,1,0,0
2023-03-19,98,21,0,3.0,8,6,3,1,4,1,0,1
2023-03-20,184,12,23,2.0,11,10,5,1,2,1,0,0
2023-03-21,158,15,25,1.0,14,10,5,1,4,0,1,1
2023-03-22,167,16,23,1.0,15,11,6,1,3,1,1,0
2023-03-23,164,13,28,1.0,15,11,6,1,3,1,1,0
2023-03-24,186,19,22,1.0,12,11,6,3,4,1,0,0
2023-03-25,121,23,6,1.0,9,8,3,1,4,0,0,0
2023-03-26,116,17,4,2.0,8,6,3,1,4,0,0,0
2023-03-27,151,15,28,1.0,13,9,5,1,4,1,0,0
2023-03-28,172,14,22,2.0,12,10,5,1,4,1,0,0
2023-03-29,180,13,24,2.0,14,11,5,1,4,0,0,0
2023-03-30,170,15,28,1.0,15,11,6,2,4,1,1,0
2023-03-31,182,22,27,2.0,14,12,6,2,5,0,0,0
2023-04-01,113,22,1,0.0,7,5,3,0,4,1,0,1
2023-04-02,121,20,2,0.0,7,5,3,1,4,1,0,0
2023-04-03,197,13,24,3.0,12,9,5,2,4,2,1,0
2023-04-04,165,14,24,1.0,14,9,5,1,3,0,0,0
2023-04-05,164,13,22,3.0,13,10,6,1,3,0,0,0
2023-04-06,187,13,22,0.0,14,9,4,1,4,1,0,0
2023-04-07,188,21,28,3.0,13,11,6,3,4,2,0,1
2023-04-08,113,24,1,2.0,9,6,3,1,5,1,0,0
2023-04-09,99,19,5,2.0,9,7,3,1,3,0,0,0
2023-04-10,166,12,27,2.0,15,12,6,1,3,1,0,0
2023-04-11,153,13,26,0.0,12,11,5,1,4,0,0,0
2023-04-12,158,13,23,1.0,11,9,6,1,4,1,1,1
2023-04-13,157,14,21,3.0,14,10,6,1,3,1,1,0
2023-04-14,160,21,24,1.0,14,12,6,1,5,2,0,1
2023-04-15,119,25,7,2.0,11,6,4,1,5,0,0,0
2023-04-16,107,19,5,1.0,9,6,4,1,5,0,1,0
2023-04-17,188,12,23,2.0,10,11,5,1,3,1,0,0
2023-04-18,157,14,24,1.0,12,8,5,1,4,1,0,1
2023-04-19,181,12,22,2.0,11,11,6,1,3,1,1,1
2023-04-20,167,14,20,3.0,12,12,6,1,3,1,1,0
2023-04-21,169,21,25,1.0,14,13,7,2,5,1,1,0
2023-04-22,127,23,7,2.0,10,7,4,2,5,1,0,1
2023-04-23,91,20,7,0.0,9,6,3,0,4,0,0,0
2023-04-24,174,13,27,3.0,14,9,6,1,3,2,0,1
2023-04-25,171,12,23,1.0,11,10,5,1,3,1,1,0
2023-04-26,175,15,21,3.0,11,10,5,1,3,1,0,0
2023-04-27,173,12,28,3.0,15,11,6,2,2,0,0,1
2023-04-28,199,20,26,2.0,15,12,6,2,4,1,0,0
2023-04-29,112,24,1,1.0,7,6,2,1,4,2,1,0
2023-04-30,98,21,1,1.0,7,4,3,1,4,0,1,0
2023-05-01,162,15,24,2.0,13,9,6,1,4,2,1,0
2023-05-02,163,14,20,0.0,10,9,5,2,4,0,0,0
2023-05-03,162,14,23,3.0,12,8,5,2,3,1,0,0
2023-05-04,184,15,18,3.0,14,10,5,1,5,0,0,0
2023-05-05,186,20,29,0.0,20,13,6,1,5,1,0,0
2023-05-06,112,24,0,2.0,9,7,4,0,5,1,0,0
2023-05-07,94,17,1,0.0,6,5,4,1,4,0,0,0
2023-05-08,175,14,18,2.0,12,12,5,1,3,0,1,0
2023-05-09,163,13,22,1.0,12,10,5,2,2,1,0,1
2023-05-10,177,14,25,4.0,15,9,6,2,3,1,1,0
2023-05-11,172,14,25,2.0,15,11,6,2,2,1,0,0
2023-05-12,151,20,24,3.0,16,10,6,2,4,1,0,0
2023-05-13,138,24,0,2.0,10,7,4,1,5,0,0,0
2023-05-14,126,19,0,1.0,8,6,3,0,4,0,0,0
2023-05-15,162,14,19,3.0,9,10,6,1,3,1,1,0
2023-05-16,165,13,27,1.0,11,12,4,1,3,1,1,0
2023-05-17,173,14,22,2.0,11,10,5,2,4,1,1,0
2023-05-18,173,16,23,2.0,12,11,6,1,4,1,0,1
2023-05-19,177,18,25,2.0,12,12,6,1,5,1,1,1
2023-05-20,143,22,1,1.0,8,7,4,2,5,0,1,0
2023-05-21,102,18,0,2.0,8,5,3,1,3,0,0,0
2023-05-22,160,12,24,2.0,9,8,6,2,4,0,1,1
2023-05-23,153,15,20,3.0,12,9,6,2,4,1,0,0
2023-05-24,161,12,17,3.0,12,9,5,2,3,1,0,0
2023-05-25,169,12,26,1.0,12,10,6,2,3,1,0,0
2023-05-26,191,21,20,2.0,17,9,6,2,4,1,2,0
2023-05-27,113,23,0,1.0,8,5,3,0,4,0,0,0
2023-05-28,107,19,0,2.0,9,5,3,0,4,0,0,0
2023-05-29,169,12,20,3.0,10,8,4,0,3,0,0,0
2023-05-30,184,12,25,2.0,15,9,6,1,4,0,2,0
2023-05-31,200,14,23,2.0,12,8,6,1,3,1,0,0
2023-06-01,163,12,24,0.0,14,10,5,1,3,1,1,0
2023-06-02,164,18,21,4.0,13,12,5,1,4,1,0,0
2023-06-03,132,24,3,0.0,11,7,3,1,4,1,0,0
2023-06-04,113,19,0,2.0,9,5,2,0,3,0,1,0
2023-06-05,192,14,26,3.0,13,10,7,2,4,1,0,0
2023-06-06,176,15,29,2.0,16,9,7,2,4,1,1,0
2023-06-07,165,14,25,1.0,13,10,5,2,3,0,0,0
2023-06-08,177,15,29,3.0,12,13,6,2,4,2,0,1
2023-06-09,183,20,21,2.0,15,10,5,2,5,1,0,1
2023-06-10,129,53,8,1.0,15,12,5,2,11,2,0,0
2023-06-11,111,20,5,2.0,8,6,4,2,4,1,0,1
2023-06-12,182,13,26,3.0,12,13,6,0,4,0,0,1
2023-06-13,183,13,23,2.0,14,10,5,2,2,1,0,0
2023-06-14,186,12,23,1.0,11,7,5,1,3,1,0,1
2023-06-15,177,13,25,1.0,11,11,5,2,3,0,1,0
2023-06-16,167,19,29,3.0,13,11,5,2,4,2,0,0
2023-06-17,121,25,0,3.0,9,5,3,1,4,1,1,1
2023-06-18,119,17,2,2.0,8,6,2,1,3,1,0,1
2023-06-19,160,13,27,2.0,14,9,6,2,3,1,0,0
2023-06-20,174,13,28,4.0,15,10,6,2,3,1,0,0
2023-06-21,165,13,27,2.0,13,12,5,1,3,1,0,0
2023-06-22,170,13,21,5.0,13,10,5,1,3,1,0,0
2023-06-23,185,19,28,4.0,15,10,6,2,4,0,0,0
2023-06-24,122,22,2,4.0,10,6,3,1,4,1,0,0
2023-06-25,105,18,0,5.0,9,7,2,0,4,2,0,0
2023-06-26,153,14,25,4.0,13,11,5,1,3,0,1,0
2023-06-27,178,14,19,4.0,13,9,5,0,3,0,1,0
2023-06-28,177,12,27,3.0,11,12,6,1,3,2,0,0
2023-06-29,196,13,25,3.0,15,11,6,2,3,1,1,1
2023-06-30,166,24,21,5.0,15,11,7,2,6,1,0,1
2023-07-01,122,23,1,6.0,8,6,3,1,5,1,0,1
2023-07-02,108,18,0,6.0,9,6,3,2,3,0,1,0
2023-07-03,188,13,23,5.0,12,11,5,2,4,1,1,0
2023-07-04,168,13,18,5.0,9,11,5,1,3,0,1,0
2023-07-05,173,42,20,8.0,21,14,7,2,7,1,0,1
2023-07-06,177,15,24,5.0,14,13,6,3,4,1,1,0
2023-07-07,172,19,24,6.0,13,13,5,2,4,1,1,1
2023-07-08,114,23,5,7.0,11,7,4,1,5,1,1,0
2023-07-09,107,17,0,9.0,9,6,3,1,3,1,0,0
2023-07-10,182,15,23,7.0,15,14,6,1,4,1,1,0
2023-07-11,157,12,24,8.0,17,12,4,1,2,1,0,1
2023-07-12,171,12,24,9.0,12,13,6,0,3,1,0,2
2023-07-13,161,14,25,9.0,10,10,5,2,3,2,0,0
2023-07-14,184,19,24,11.0,13,10,6,1,5,2,0,0
2023-07-15,101,25,4,10.0,8,7,5,1,5,1,0,0
2023-07-16,98,18,9,11.0,13,8,4,0,4,0,1,0
2023-07-17,174,12,23,12.0,14,11,5,2,3,1,1,0
2023-07-18,188,17,26,12.0,20,13,7,2,4,1,1,0
2023-07-19,169,13,25,12.0,14,11,6,1,3,0,0,0
2023-07-20,163,14,28,12.0,13,10,6,2,4,0,0,1
2023-07-21,192,36,26,13.0,16,16,8,2,7,1,1,0
2023-07-22,102,22,0,15.0,10,7,4,1,5,0,0,1
2023-07-23,78,17,0,17.0,9,7,3,2,3,0,0,0
2023-07-24,175,13,27,15.0,15,13,7,2,3,1,0,0
2023-07-25,164,15,22,16.0,12,13,6,1,3,1,0,0
2023-07-26,157,13,29,16.0,17,12,8,1,3,1,0,0
2023-07-27,178,14,27,16.0,18,14,7,1,3,0,1,1
2023-07-28,173,18,25,19.0,16,15,8,1,4,0,0,0
2023-07-29,113,24,0,18.0,10,9,4,2,5,0,0,1
2023-07-30,89,17,4,18.0,8,7,3,0,3,1,0,0
2023-07-31,180,13,30,20.0,18,15,7,2,3,1,0,0
2023-08-01,178,12,24,21.0,15,14,6,2,3,1,0,0
2023-08-02,169,13,23,21.0,10,15,7,1,3,1,1,0
2023-08-03,192,13,25,21.0,14,13,7,1,4,1,0,1
2023-08-04,157,18,26,26.0,19,12,8,1,5,1,1,0
2023-08-05,101,23,0,23.0,11,8,3,0,5,1,1,0
2023-08-06,96,18,5,25.0,10,9,4,1,4,1,0,0
2023-08-07,169,13,31,25.0,18,15,8,2,3,2,1,0
2023-08-08,173,14,26,26.0,15,15,6,3,4,0,0,1
2023-08-09,167,13,24,26.0,15,15,8,2,3,0,1,1
2023-08-10,174,15,26,28.0,17,11,8,2,3,1,0,0
2023-08-11,155,19,29,28.0,22,14,7,3,4,1,1,0
2023-08-12,137,22,2,29.0,16,11,7,2,4,2,1,0
2023-08-13,104,19,3,30.0,9,11,4,2,4,1,0,0
2023-08-14,183,15,27,30.0,18,15,6,2,4,1,0,0
2023-08-15,174,14,22,29.0,14,16,7,2,4,0,1,0
2023-08-16,175,13,26,32.0,16,16,8,2,4,1,1,0
2023-08-17,177,13,21,30.0,13,15,6,2,3,1,1,0
2023-08-18,175,20,23,34.0,17,15,8,3,6,1,0,0
2023-08-19,128,24,5,36.0,13,12,8,1,5,1,1,0
2023-08-20,121,19,5,33.0,15,11,5,1,4,0,1,1
2023-08-21,172,14,24,33.0,16,14,8,3,3,0,0,0
2023-08-22,178,14,30,33.0,15,18,9,3,3,1,0,0
2023-08-23,169,18,21,33.0,18,16,8,2,5,1,0,0
2023-08-24,187,12,24,35.0,18,17,10,2,4,1,0,0
2023-08-25,162,20,26,36.0,19,14,8,3,5,1,0,0
2023-08-26,141,24,0,35.0,16,10,7,2,6,0,0,0
2023-08-27,104,41,2,35.0,20,13,6,2,8,2,0,0
2023-08-28,153,14,22,36.0,17,14,7,2,3,1,1,0
2023-08-29,171,13,22,36.0,18,15,9,3,4,0,1,1
2023-08-30,162,13,24,37.0,17,13,7,2,3,1,0,1
2023-08-31,180,16,20,38.0,20,13,9,2,4,1,0,0
2023-09-01,162,21,23,36.0,16,16,7,2,4,0,1,0
2023-09-02,115,23,0,36.0,15,10,5,2,4,1,0,0
2023-09-03,82,17,2,40.0,13,11,4,2,4,1,0,0
2023-09-04,164,12,25,36.0,16,14,8,3,4,1,0,0
2023-09-05,141,12,24,35.0,21,12,6,2,3,1,1,0
2023-09-06,151,14,28,36.0,15,11,8,2,5,0,0,0
2023-09-07,179,14,24,36.0,19,18,7,2,3,1,0,0
2023-09-08,179,23,25,35.0,18,18,7,2,5,1,0,0
2023-09-09,125,23,0,35.0,15,9,5,1,5,1,0,1
2023-09-10,93,17,0,38.0,15,7,5,1,4,2,0,1
2023-09-11,169,13,25,34.0,19,14,5,3,4,1,1,0
2023-09-12,170,14,24,33.0,17,16,8,2,2,1,0,0
2023-09-13,156,13,30,36.0,21,15,7,3,3,1,0,0
2023-09-14,188,15,27,35.0,18,16,7,3,4,1,0,0
2023-09-15,180,20,24,34.0,21,18,7,2,6,2,0,0
2023-09-16,117,23,2,32.0,14,9,5,2,4,1,0,0
2023-09-17,105,20,5,31.0,11,9,6,1,4,1,0,0
2023-09-18,172,12,27,30.0,21,15,7,3,4,0,0,0
2023-09-19,145,12,30,32.0,20,14,8,2,3,1,1,1
2023-09-20,167,13,23,31.0,15,13,8,2,3,2,0,0
2023-09-21,162,16,28,31.0,21,16,8,2,4,1,0,0
2023-09-22,158,20,24,28.0,15,15,6,1,4,1,0,1
2023-09-23,117,22,3,30.0,14,11,6,2,5,0,0,1
2023-09-24,127,18,0,29.0,12,9,5,2,5,1,0,0
2023-09-25,178,13,25,30.0,21,11,8,2,4,1,0,1
2023-09-26,163,14,26,27.0,18,14,7,2,3,1,0,1
2023-09-27,177,30,27,25.0,17,14,8,2,6,1,1,1
2023-09-28,187,45,25,26.0,27,13,10,3,11,2,1,0
2023-09-29,181,21,18,23.0,16,13,7,2,5,1,0,0
2023-09-30,121,23,2,24.0,12,9,4,2,4,1,0,0
2023-10-01,97,18,6,25.0,12,11,5,1,4,1,0,0
2023-10-02,178,13,25,24.0,15,12,9,3,3,0,0,1
2023-10-03,175,12,29,23.0,20,15,7,1,3,0,1,0
2023-10-04,181,14,25,22.0,18,11,6,2,3,1,0,0
2023-10-05,178,32,20,22.0,17,17,7,2,6,1,0,1
2023-10-06,183,21,24,19.0,16,13,7,2,5,1,1,0
2023-10-07,114,24,0,20.0,10,8,4,1,5,0,0,0
2023-10-08,121,18,1,18.0,12,8,4,1,4,1,1,0
2023-10-09,172,13,21,16.0,14,13,6,2,3,2,0,0
2023-10-10,195,14,25,17.0,14,11,7,1,3,1,1,0
2023-10-11,162,12,24,17.0,17,12,6,1,4,0,1,1
2023-10-12,191,15,29,15.0,18,13,9,3,4,1,1,1
2023-10-13,172,19,21,14.0,16,15,6,2,4,1,0,0
2023-10-14,112,22,3,15.0,11,7,4,2,3,0,0,0
2023-10-15,99,17,3,14.0,8,5,3,2,4,1,0,0
2023-10-16,166,13,27,12.0,16,15,6,2,3,1,0,1
2023-10-17,175,12,24,11.0,13,12,6,1,3,1,0,0
2023-10-18,176,14,26,13.0,17,11,6,2,4,1,0,0
2023-10-19,163,13,26,12.0,16,12,7,2,5,1,1,0
2023-10-20,170,18,20,10.0,14,10,5,2,3,1,0,1
2023-10-21,146,22,1,11.0,11,6,3,1,5,1,1,1
2023-10-22,126,18,2,10.0,11,7,4,1,3,0,0,0
2023-10-23,175,12,25,10.0,12,11,5,1,3,1,0,0
2023-10-24,171,14,25,9.0,13,12,6,2,4,1,0,0
2023-10-25,172,13,26,7.0,16,10,6,2,3,1,0,1
2023-10-26,178,14,31,7.0,18,11,6,2,3,1,0,0
2023-10-27,158,19,23,9.0,14,11,5,2,4,1,0,0
2023-10-28,117,22,3,8.0,9,6,4,1,4,1,1,0
2023-10-29,85,18,6,7.0,8,7,2,1,4,1,0,1
2023-10-30,175,18,20,5.0,11,12,6,1,4,1,0,0
2023-10-31,178,14,26,10.0,18,11,7,2,4,0,0,0
2023-11-01,164,13,20,5.0,12,11,6,1,3,2,0,0
2023-11-02,189,14,32,5.0,16,11,6,2,4,1,1,1
2023-11-03,155,21,27,7.0,16,11,6,2,4,1,0,0
2023-11-04,103,23,3,4.0,11,7,3,1,5,0,1,0
2023-11-05,108,20,0,6.0,8,6,3,1,5,1,1,0
2023-11-06,183,12,23,3.0,12,11,6,2,3,1,1,0
2023-11-07,190,14,24,5.0,15,11,5,1,3,1,0,0
2023-11-08,165,12,30,6.0,11,12,6,1,4,0,1,0
2023-11-09,183,15,27,4.0,17,10,6,2,4,1,1,0
2023-11-10,170,20,20,4.0,17,10,6,2,4,0,0,0
2023-11-11,118,26,3,3.0,10,7,3,1,5,1,1,1
2023-11-12,116,18,0,3.0,7,5,3,1,4,0,1,0
2023-11-13,178,15,20,3.0,14,10,5,1,3,1,1,0
2023-11-14,151,12,26,4.0,12,10,5,1,4,1,1,1
2023-11-15,188,14,27,3.0,14,10,6,2,3,1,1,0
2023-11-16,187,13,26,2.0,14,10,5,1,4,1,0,0
2023-11-17,163,19,31,2.0,14,12,6,2,4,1,0,1
2023-11-18,125,22,3,4.0,10,7,4,1,4,0,0,0
2023-11-19,111,18,3,2.0,7,5,3,1,4,0,1,1
2023-11-20,173,12,21,2.0,9,10,5,1,2,0,0,1
2023-11-21,164,12,28,3.0,14,11,6,1,3,2,0,0
2023-11-22,162,14,20,5.0,14,11,5,1,3,1,0,1
2023-11-23,170,12,31,3.0,13,12,7,2,4,1,0,0
2023-11-24,184,18,28,6.0,15,10,6,1,5,1,0,1
2023-11-25,127,25,10,4.0,13,11,5,1,5,1,0,0
2023-11-26,101,19,3,1.0,8,6,3,1,3,1,1,1
2023-11-27,180,13,28,3.0,13,12,5,1,3,1,0,0
2023-11-28,136,16,24,2.0,13,9,5,1,3,1,1,0
2023-11-29,184,14,25,2.0,14,11,6,3,4,1,0,0
2023-11-30,149,15,22,0.0,10,8,5,1,4,0,0,0
2023-12-01,166,20,16,1.0,12,9,5,1,4,1,0,0
2023-12-02,107,23,0,2.0,9,6,4,0,5,1,0,0
2023-12-03,90,19,0,3.0,7,5,2,1,3,0,0,0
2023-12-04,184,15,17,1.0,13,12,4,1,3,1,0,0
2023-12-05,165,14,17,0.0,12,10,5,1,3,1,0,0
2023-12-06,175,13,20,3.0,12,11,5,1,3,1,1,1
2023-12-07,170,14,17,2.0,12,10,4,1,3,1,0,0
2023-12-08,176,20,21,0.0,13,11,6,1,5,2,1,0
2023-12-09,121,23,0,3.0,9,7,4,1,5,0,0,0
2023-12-10,90,18,0,4.0,7,4,3,1,3,1,0,0
2023-12-11,182,12,17,4.0,9,9,6,1,4,1,1,0
2023-12-12,164,13,17,3.0,11,8,4,2,4,0,1,0
2023-12-13,152,12,13,1.0,10,7,5,2,3,0,1,1
2023-12-14,165,14,20,1.0,15,11,5,1,2,0,0,0
2023-12-15,188,20,24,1.0,15,10,5,1,5,0,0,1
2023-12-16,131,24,1,2.0,9,6,3,2,4,0,0,0
2023-12-17,101,17,0,0.0,5,5,2,0,3,1,0,0
2023-12-18,166,14,14,1.0,9,8,5,2,3,2,0,1
2023-12-19,167,14,23,0.0,12,10,4,2,3,2,0,0
2023-12-20,195,15,21,3.0,13,13,4,1,4,1,1,0
2023-12-21,175,15,19,2.0,12,11,5,1,3,1,0,0
2023-12-22,176,21,24,1.0,14,9,6,2,5,1,1,1
2023-12-23,133,24,0,0.0,9,7,4,2,4,0,0,0
2023-12-24,108,19,3,1.0,8,5,3,1,4,1,1,0
2023-12-25,167,12,16,2.0,11,9,5,1,3,0,1,0
2023-12-26,168,14,16,2.0,10,7,6,2,3,0,1,0
2023-12-27,170,14,17,3.0,10,10,4,1,4,1,0,0
2023-12-28,170,14,19,0.0,11,8,5,2,4,1,0,0
2023-12-29,179,18,25,1.0,15,12,7,1,5,0,0,1
2023-12-30,121,22,0,1.0,7,5,3,1,4,1,0,1
2023-12-31,114,19,0,1.0,7,6,2,1,4,1,0,0
2024-01-01,170,13,26,3.0,13,9,6,0,3,1,1,0
2024-01-02,171,14,28,0.0,13,9,5,1,4,1,0,0
2024-01-03,147,14,18,2.0,12,8,5,1,4,2,1,0
2024-01-04,181,16,28,3.0,16,12,8,2,4,1,0,0
2024-01-05,175,18,23,0.0,14,9,5,1,3,1,1,1
2024-01-06,132,23,2,2.0,11,7,5,1,3,0,2,1
2024-01-07,71,17,6,2.0,7,6,2,1,4,0,0,0
2024-01-08,196,12,24,2.0,15,9,5,2,3,1,0,0
2024-01-09,169,12,20,0.0,11,10,4,2,3,1,0,0
2024-01-10,184,13,21,2.0,13,11,5,2,3,1,0,0
2024-01-11,158,14,25,3.0,14,10,5,1,3,0,0,1
2024-01-12,178,18,24,2.0,14,11,6,2,4,1,0,0
2024-01-13,108,23,2,0.0,8,5,2,0,5,1,1,0
2024-01-14,98,20,1,1.0,6,5,2,2,4,0,0,0
2024-01-15,194,13,29,1.0,15,12,6,2,3,2,0,0
2024-01-16,168,15,25,1.0,13,11,6,2,4,0,2,1
2024-01-17,173,15,20,2.0,12,12,5,1,3,1,0,0
2024-01-18,181,14,27,1.0,16,11,6,2,3,1,1,1
2024-01-19,177,19,31,1.0,14,13,6,2,4,1,1,1
2024-01-20,122,23,2,2.0,10,7,2,1,4,1,0,0
2024-01-21,110,18,3,1.0,7,6,4,1,4,0,0,0
2024-01-22,199,29,23,2.0,16,12,6,2,6,1,0,0
2024-01-23,170,12,24,2.0,11,11,6,1,3,1,0,0
2024-01-24,173,14,27,0.0,12,10,5,1,3,1,1,1
2024-01-25,183,13,28,3.0,15,13,5,2,3,0,0,0
2024-01-26,184,21,26,2.0,18,13,7,1,5,1,1,0
2024-01-27,135,24,7,1.0,11,7,3,2,5,2,0,0
2024-01-28,113,19,2,2.0,8,5,2,1,3,1,0,0
2024-01-29,157,12,22,1.0,15,10,5,2,3,0,0,0
2024-01-30,190,44,22,0.0,20,14,7,2,8,1,2,0
2024-01-31,157,13,29,1.0,12,9,6,1,3,1,0,0
2024-02-01,174,15,28,2.0,11,12,6,1,4,1,0,1
2024-02-02,162,20,20,3.0,14,11,5,1,5,2,0,1
2024-02-03,120,22,1,3.0,7,6,3,0,4,1,1,0
2024-02-04,110,21,1,0.0,7,6,3,1,4,0,0,1
2024-02-05,175,14,23,1.0,13,9,6,1,4,1,1,0
2024-02-06,176,15,21,0.0,14,9,4,2,3,1,0,1
2024-02-07,190,12,23,2.0,13,10,5,2,3,0,0,1
2024-02-08,176,13,22,3.0,11,10,6,1,4,2,1,1
2024-02-09,168,20,21,4.0,14,11,6,2,5,1,1,0
2024-02-10,132,24,4,1.0,10,8,3,1,5,1,0,1
2024-02-11,120,18,3,2.0,8,5,3,2,4,1,0,1
2024-02-12,156,13,24,0.0,10,9,4,1,3,1,0,0
2024-02-13,178,13,19,0.0,11,10,5,0,3,0,0,1
2024-02-14,179,14,24,1.0,15,9,6,2,3,0,0,0
2024-02-15,167,15,27,2.0,15,11,5,3,3,0,0,0
2024-02-16,187,21,23,2.0,17,10,6,2,4,1,0,0
2024-02-17,119,23,0,0.0,7,5,3,1,6,1,1,0
2024-02-18,107,18,2,2.0,7,4,3,1,3,0,0,0
2024-02-19,169,13,26,0.0,14,12,5,2,3,0,1,0
2024-02-20,171,15,19,0.0,13,11,4,2,3,0,0,0
2024-02-21,158,15,29,2.0,14,10,5,1,4,1,0,0
2024-02-22,153,14,21,3.0,12,10,6,1,3,1,0,1
2024-02-23,190,19,24,3.0,14,10,5,2,4,2,1,0
2024-02-24,111,22,6,0.0,9,7,4,1,4,0,1,1
2024-02-25,94,18,2,1.0,7,4,3,0,4,0,1,0
2024-02-26,145,13,28,0.0,13,12,5,1,3,0,1,0
2024-02-27,163,13,30,3.0,14,12,6,1,3,1,0,0
2024-02-28,155,14,21,3.0,11,9,5,1,3,1,0,0
2024-02-29,190,15,28,0.0,15,11,6,2,3,1,0,0
2024-03-01,183,21,29,2.0,18,13,6,1,4,1,2,0
2024-03-02,113,23,1,1.0,10,5,2,1,5,2,0,1
2024-03-03,133,19,1,0.0,9,7,3,1,3,0,0,0
2024-03-04,183,13,19,2.0,13,10,5,2,4,1,1,1
2024-03-05,167,14,27,4.0,12,12,5,2,4,1,0,0
2024-03-06,141,12,17,1.0,9,6,4,1,3,2,1,0
2024-03-07,198,13,28,2.0,14,12,5,2,4,1,0,2
2024-03-08,154,18,21,0.0,13,10,4,2,5,2,0,0
2024-03-09,101,23,6,4.0,9,7,4,1,4,1,0,1
2024-03-10,118,18,3,2.0,8,6,3,0,4,1,1,0
2024-03-11,200,13,28,1.0,15,11,6,1,4,1,0,0
2024-03-12,187,12,23,1.0,13,13,5,2,3,1,1,1
2024-03-13,178,14,21,1.0,13,10,4,3,4,1,1,0
2024-03-14,178,13,20,1.0,11,10,5,1,3,1,1,0
2024-03-15,181,21,28,0.0,15,13,6,2,4,0,1,0
2024-03-16,130,22,4,1.0,9,6,4,1,3,1,1,0
2024-03-17,109,18,4,2.0,8,5,3,1,3,1,0,0
2024-03-18,172,16,26,4.0,13,13,5,1,4,1,0,0
2024-03-19,170,13,27,4.0,13,11,5,2,3,1,0,0
2024-03-20,162,12,24,2.0,12,12,4,1,3,0,0,0
2024-03-21,168,13,26,1.0,16,12,5,1,3,1,1,0
2024-03-22,151,19,22,1.0,14,7,6,1,4,0,0,0
2024-03-23,120,24,1,2.0,7,6,3,1,5,0,0,1
2024-03-24,94,19,11,2.0,10,8,4,1,4,0,1,1
2024-03-25,158,15,25,1.0,12,8,4,1,4,0,0,0
2024-03-26,173,15,19,0.0,11,10,5,1,3,1,1,0
2024-03-27,188,14,24,3.0,15,12,6,1,3,1,1,0
2024-03-28,182,13,22,1.0,13,10,6,1,3,1,1,1
2024-03-29,152,21,25,1.0,18,11,6,1,5,1,1,0
2024-03-30,109,23,0,1.0,8,6,3,1,4,1,0,0
2024-03-31,117,18,1,0.0,7,4,2,0,3,0,0,0
2024-04-01,159,13,23,1.0,14,11,5,2,3,0,1,1
2024-04-02,168,13,26,2.0,13,11,5,1,3,1,1,1
2024-04-03,178,13,23,4.0,11,12,6,1,2,0,0,1
2024-04-04,159,12,26,0.0,11,9,6,2,2,1,0,0
2024-04-05,172,21,31,0.0,15,14,5,0,4,1,0,0
2024-04-06,105,25,0,1.0,9,5,3,0,4,1,0,0
2024-04-07,99,20,4,0.0,9,5,4,1,4,0,1,0
2024-04-08,175,14,18,1.0,13,8,4,1,2,0,0,0
2024-04-09,152,13,24,1.0,13,11,5,1,3,0,0,0
2024-04-10,176,13,26,0.0,15,10,6,1,3,0,1,0
2024-04-11,171,13,23,1.0,13,11,5,2,2,0,1,0
2024-04-12,178,20,20,1.0,12,8,5,1,4,1,1,0
2024-04-13,124,22,2,5.0,9,6,3,1,5,1,0,0
2024-04-14,122,17,7,2.0,8,8,3,1,3,1,1,1
2024-04-15,173,14,25,2.0,15,10,5,1,4,1,1,0
2024-04-16,166,12,27,0.0,11,12,6,2,3,1,0,0
2024-04-17,172,16,28,0.0,12,12,5,2,3,1,0,0
2024-04-18,178,12,32,0.0,14,10,6,1,3,0,0,1
2024-04-19,172,18,22,1.0,16,11,6,1,5,0,0,0
2024-04-20,122,23,0,0.0,9,7,3,2,4,1,0,0
2024-04-21,98,18,1,1.0,8,5,2,1,3,1,1,0
2024-04-22,163,16,27,0.0,12,10,6,2,4,1,2,0
2024-04-23,154,13,18,2.0,12,9,4,1,4,1,2,1
2024-04-24,192,13,27,2.0,12,11,6,2,3,1,0,1
2024-04-25,156,14,25,1.0,14,8,5,1,4,1,0,0
2024-04-26,163,19,23,3.0,11,11,6,1,4,1,1,0
2024-04-27,112,27,3,1.0,9,6,4,1,7,1,0,1
2024-04-28,117,20,5,0.0,7,6,4,0,3,1,0,1
2024-04-29,168,16,28,1.0,12,8,7,2,3,0,2,0
2024-04-30,186,14,25,0.0,11,11,5,1,4,2,0,1
2024-05-01,163,13,23,2.0,13,8,4,1,3,0,0,1
2024-05-02,174,13,23,1.0,13,11,5,2,4,0,1,0
2024-05-03,161,20,26,1.0,13,13,6,1,4,1,1,0
2024-05-04,147,23,0,3.0,10,5,3,1,5,1,0,0
2024-05-05,92,19,1,4.0,7,6,3,0,3,0,1,1
2024-05-06,175,14,25,2.0,14,11,7,1,3,1,0,0
2024-05-07,179,13,28,1.0,14,13,7,2,3,1,0,0
2024-05-08,176,13,20,0.0,15,11,4,1,3,0,0,0
2024-05-09,169,13,27,2.0,16,9,6,2,3,0,1,0
2024-05-10,170,21,29,2.0,17,11,6,2,6,1,1,1
2024-05-11,122,23,0,1.0,9,7,3,1,4,1,0,0
2024-05-12,104,19,0,2.0,8,4,2,0,3,0,1,1
2024-05-13,183,15,21,0.0,15,11,4,1,4,0,1,1
2024-05-14,198,13,24,4.0,14,10,6,1,3,0,0,1
2024-05-15,164,12,16,2.0,11,8,5,1,3,0,1,0
2024-05-16,155,15,21,2.0,11,10,5,2,3,2,1,0
2024-05-17,170,20,21,4.0,13,14,6,2,4,0,0,0
2024-05-18,152,23,0,2.0,10,8,4,1,4,1,0,0
2024-05-19,97,19,0,4.0,5,5,2,0,4,0,0,0
2024-05-20,191,12,21,1.0,12,10,5,1,3,1,0,1
2024-05-21,191,12,24,3.0,13,9,5,1,3,0,0,0
2024-05-22,165,12,24,1.0,14,7,5,1,2,2,1,0
2024-05-23,178,14,27,1.0,16,11,5,2,3,2,1,0
2024-05-24,191,51,24,0.0,28,16,6,2,10,1,1,0
2024-05-25,117,24,0,0.0,9,7,3,1,4,1,1,0
2024-05-26,104,18,0,0.0,7,5,3,1,4,1,2,0
2024-05-27,164,13,21,2.0,11,10,5,2,3,0,0,1
2024-05-28,159,15,23,0.0,11,9,6,1,3,0,0,1
2024-05-29,163,13,25,2.0,14,11,5,2,3,0,0,0
2024-05-30,157,13,23,2.0,12,8,5,1,3,0,1,0
2024-05-31,172,18,23,2.0,14,10,6,2,4,0,1,0
2024-06-01,112,26,2,3.0,10,6,3,1,7,1,1,1
2024-06-02,109,17,4,2.0,8,5,3,1,3,0,0,0
2024-06-03,153,16,23,3.0,13,9,5,1,4,1,0,0
2024-06-04,175,13,21,1.0,13,9,5,2,4,1,0,2
2024-06-05,181,14,27,1.0,15,10,4,1,4,1,0,0
2024-06-06,147,13,26,4.0,11,11,5,2,4,1,0,0
2024-06-07,176,19,29,4.0,17,14,6,2,4,1,1,0
2024-06-08,136,23,0,2.0,8,7,3,1,5,1,1,1
2024-06-09,92,18,2,1.0,8,5,2,0,3,0,0,1
2024-06-10,191,13,25,2.0,14,12,6,1,4,1,1,0
2024-06-11,176,13,20,4.0,12,10,6,0,4,1,1,1
2024-06-12,163,12,25,1.0,12,10,5,2,4,1,1,1
2024-06-13,171,15,29,1.0,14,11,6,1,3,1,0,0
2024-06-14,178,19,31,3.0,18,15,7,1,5,1,0,0
2024-06-15,122,22,5,4.0,11,7,4,1,4,0,1,0
2024-06-16,113,20,1,3.0,9,5,3,1,3,1,0,0
2024-06-17,160,13,29,1.0,11,10,7,2,3,1,1,0
2024-06-18,173,14,28,4.0,15,13,6,2,3,1,0,0
2024-06-19,154,13,24,5.0,9,9,5,2,2,0,1,1
2024-06-20,170,14,23,3.0,10,12,7,2,3,1,0,1
2024-06-21,160,19,24,4.0,16,8,6,1,4,1,1,1
2024-06-22,113,24,0,4.0,8,7,3,1,5,1,1,0
2024-06-23,121,21,1,2.0,8,7,3,1,4,0,0,0
2024-06-24,184,12,26,3.0,16,11,5,3,2,0,1,1
2024-06-25,179,13,28,5.0,15,11,6,2,3,1,0,1
2024-06-26,158,12,24,3.0,13,12,6,2,4,1,1,0
2024-06-27,168,12,29,5.0,14,14,5,2,3,0,1,0
2024-06-28,186,20,27,5.0,16,12,7,1,4,2,0,0
2024-06-29,123,22,4,5.0,9,8,4,0,5,1,0,0
2024-06-30,134,18,0,5.0,8,7,3,1,3,0,1,0
2024-07-01,176,12,30,7.0,15,13,5,1,3,1,1,0
2024-07-02,174,12,27,4.0,14,11,5,1,3,1,0,0
2024-07-03,168,15,24,6.0,13,11,5,0,3,1,0,0
2024-07-04,173,46,23,6.0,15,15,6,1,8,1,1,1
2024-07-05,170,19,24,6.0,17,9,7,2,4,1,1,0
2024-07-06,130,25,0,7.0,11,8,3,1,4,1,1,1
2024-07-07,118,18,5,7.0,9,6,3,2,4,2,0,1
2024-07-08,162,17,22,9.0,16,10,7,2,4,1,1,0
2024-07-09,155,13,26,9.0,13,11,6,2,3,1,0,0
2024-07-10,149,15,24,11.0,14,10,6,2,3,1,0,0
2024-07-11,178,13,27,10.0,11,11,7,4,3,1,1,1
2024-07-12,158,20,27,10.0,16,15,5,2,4,0,0,1
2024-07-13,96,23,0,10.0,9,8,4,0,5,1,0,1
2024-07-14,111,19,2,12.0,10,8,4,1,4,1,1,0
2024-07-15,201,12,21,10.0,17,13,6,2,3,0,0,0
2024-07-16,171,14,30,10.0,15,16,6,2,3,0,1,0
2024-07-17,182,13,28,12.0,15,12,7,3,3,0,0,1
2024-07-18,172,13,21,14.0,13,11,6,2,4,1,1,0
2024-07-19,170,20,22,13.0,13,12,6,2,6,1,1,1
2024-07-20,133,23,2,14.0,12,10,4,2,5,1,1,1
2024-07-21,103,19,2,13.0,10,7,3,0,4,1,0,1
2024-07-22,175,12,23,16.0,15,15,7,2,3,1,0,1
2024-07-23,175,12,22,15.0,16,12,5,2,3,0,0,0
2024-07-24,163,14,26,16.0,17,10,6,1,4,0,1,0
2024-07-25,183,13,30,17.0,17,13,8,2,3,0,1,0
2024-07-26,169,19,25,19.0,18,15,6,2,5,1,1,1
2024-07-27,112,26,1,20.0,15,8,5,1,5,1,0,0
2024-07-28,113,19,1,19.0,9,8,4,1,5,1,0,0
2024-07-29,161,13,22,20.0,16,13,6,2,3,1,1,0
2024-07-30,172,13,23,22.0,16,16,7,2,4,1,0,0
2024-07-31,171,47,28,23.0,27,19,11,3,10,3,0,2
2024-08-01,185,14,19,22.0,14,14,6,2,4,1,0,0
2024-08-02,177,19,25,22.0,18,14,6,2,4,1,1,1
2024-08-03,121,25,2,26.0,12,9,5,1,5,0,1,0
2024-08-04,116,17,2,27.0,9,9,4,1,4,1,0,1
2024-08-05,188,12,27,25.0,20,18,8,2,4,1,1,0
2024-08-06,178,16,25,25.0,16,15,7,2,3,1,1,1
2024-08-07,172,14,24,29.0,15,13,8,1,4,1,1,0
2024-08-08,156,14,23,26.0,15,13,7,2,4,0,0,0
2024-08-09,159,19,29,28.0,23,18,7,2,5,1,1,0
2024-08-10,118,25,5,29.0,16,10,5,1,6,1,0,1
2024-08-11,99,20,11,28.0,13,10,4,2,4,1,0,1
2024-08-12,169,14,24,30.0,19,12,8,2,4,2,0,0
2024-08-13,172,12,23,31.0,15,14,8,2,3,1,2,1
2024-08-14,178,12,26,31.0,19,16,7,2,2,1,0,1
2024-08-15,171,12,26,31.0,16,14,8,2,3,2,0,1
2024-08-16,177,19,27,31.0,20,16,7,2,5,1,0,0
2024-08-17,122,22,5,31.0,12,9,5,1,5,1,0,0
2024-08-18,83,42,4,33.0,16,11,6,2,9,1,0,0
2024-08-19,160,12,28,35.0,18,19,8,3,3,0,1,1
2024-08-20,170,16,29,36.0,20,16,8,2,4,1,0,1
2024-08-21,157,12,29,33.0,15,16,6,3,3,2,1,0
2024-08-22,179,12,18,34.0,15,13,7,2,3,1,2,0
2024-08-23,190,18,26,34.0,21,16,9,2,4,1,0,1
2024-08-24,136,24,0,35.0,15,11,6,1,6,0,0,1
2024-08-25,104,17,5,35.0,14,12,6,1,4,1,1,0
2024-08-26,190,14,18,36.0,18,16,8,2,3,1,1,0
2024-08-27,173,13,29,38.0,17,18,9,2,4,1,2,0
2024-08-28,168,14,22,40.0,18,15,8,2,4,1,1,0
2024-08-29,164,13,22,39.0,19,19,8,3,3,1,0,0
2024-08-30,168,20,26,38.0,18,18,7,3,5,2,1,0
2024-08-31,117,25,1,37.0,13,9,5,2,5,1,0,1
2024-09-01,109,17,7,36.0,13,13,5,1,4,1,0,0
2024-09-02,174,15,29,36.0,20,16,7,2,4,1,0,1
2024-09-03,172,15,23,36.0,14,17,7,2,4,2,1,1
2024-09-04,177,14,28,37.0,19,14,7,2,5,1,0,1
2024-09-05,186,13,23,35.0,19,15,8,2,4,1,1,1
2024-09-06,183,19,23,37.0,21,17,7,3,3,2,1,0
2024-09-07,104,25,4,36.0,13,11,6,1,6,2,0,0
2024-09-08,76,19,6,36.0,13,10,6,1,5,0,0,1
2024-09-09,183,13,24,34.0,20,11,7,1,3,0,0,0
2024-09-10,155,14,24,33.0,18,13,7,2,3,1,0,0
2024-09-11,169,12,26,35.0,17,13,8,3,4,1,1,1
2024-09-12,158,12,22,33.0,12,11,7,1,3,1,0,0
2024-09-13,150,21,30,32.0,20,14,7,3,4,1,0,0
2024-09-14,128,23,0,33.0,16,13,6,2,5,2,0,0
2024-09-15,116,19,0,32.0,14,11,4,2,4,0,1,1
2024-09-16,165,13,30,31.0,20,14,10,3,3,0,0,1
2024-09-17,141,13,26,30.0,17,13,7,2,3,2,1,0
2024-09-18,165,13,31,33.0,21,15,9,2,4,1,0,1
2024-09-19,176,16,24,29.0,18,16,7,2,5,2,0,0
2024-09-20,154,18,33,31.0,15,17,10,1,6,1,1,0
2024-09-21,124,23,4,29.0,15,10,5,2,4,1,0,0
2024-09-22,107,20,0,27.0,10,8,5,1,5,1,1,0
2024-09-23,179,12,23,30.0,17,16,6,2,3,1,0,0
2024-09-24,173,13,21,28.0,18,16,9,2,4,2,0,0
2024-09-25,160,13,21,28.0,14,12,7,2,4,1,0,0
2024-09-26,186,12,23,28.0,15,14,6,2,3,2,1,1
2024-09-27,170,21,22,26.0,19,14,8,2,5,1,0,0
2024-09-28,122,22,0,24.0,10,9,5,1,4,1,1,0
2024-09-29,96,19,5,26.0,12,10,4,2,3,1,0,0
2024-09-30,167,12,27,24.0,19,13,7,1,3,1,0,0
2024-10-01,161,14,26,23.0,19,17,6,2,4,0,0,1
2024-10-02,170,13,22,22.0,12,15,7,2,3,0,1,0
2024-10-03,192,15,30,23.0,18,14,8,1,4,1,1,0
2024-10-04,155,21,24,19.0,19,13,7,1,5,1,0,0
2024-10-05,103,24,0,19.0,11,7,4,1,5,1,1,0
2024-10-06,125,20,3,19.0,13,8,4,2,4,1,0,0
2024-10-07,169,14,26,17.0,17,14,6,2,3,2,1,0
2024-10-08,164,13,17,17.0,13,11,6,2,3,1,1,0
2024-10-09,184,12,25,17.0,16,16,6,2,3,0,1,1
2024-10-10,165,14,25,18.0,16,11,6,2,4,0,0,0
2024-10-11,194,18,24,15.0,18,13,7,1,5,1,0,1
2024-10-12,130,23,0,16.0,9,8,4,1,5,1,1,0
2024-10-13,101,17,0,15.0,10,6,4,2,4,1,0,0
2024-10-14,198,12,27,14.0,17,13,7,1,2,1,0,0
2024-10-15,165,16,27,14.0,14,12,5,2,4,0,0,0
2024-10-16,181,14,24,12.0,15,14,5,2,3,1,0,0
2024-10-17,176,12,26,11.0,16,15,6,2,4,0,1,0
2024-10-18,188,21,24,10.0,14,9,7,1,5,1,0,1
2024-10-19,141,22,0,13.0,10,9,4,2,4,1,0,0
2024-10-20,107,18,3,11.0,9,9,3,1,3,1,0,0
2024-10-21,163,14,22,10.0,13,11,6,1,3,1,0,1
2024-10-22,177,14,31,12.0,17,12,7,3,3,1,0,0
2024-10-23,164,13,21,8.0,14,10,5,2,4,0,1,1
2024-10-24,196,16,26,9.0,16,12,7,2,4,1,0,0
2024-10-25,174,19,25,9.0,15,13,6,2,5,1,0,0
2024-10-26,118,24,2,9.0,11,7,4,1,5,2,0,0
2024-10-27,109,20,6,8.0,10,7,4,1,4,1,0,1
2024-10-28,156,35,17,6.0,15,10,7,2,6,0,0,0
2024-10-29,160,14,26,5.0,15,10,5,2,4,1,0,1
2024-10-30,186,13,24,5.0,10,11,6,1,3,1,0,0
2024-10-31,164,13,27,6.0,14,11,7,1,4,1,0,0
2024-11-01,159,19,25,6.0,14,9,6,2,4,2,0,1
2024-11-02,128,23,2,4.0,9,7,4,1,5,0,0,0
2024-11-03,121,19,0,4.0,9,6,4,0,4,1,0,0
2024-11-04,181,14,23,5.0,14,11,5,2,3,1,0,0
2024-11-05,184,13,34,4.0,14,15,6,2,4,1,1,0
2024-11-06,163,14,27,5.0,11,11,5,2,3,0,1,1
2024-11-07,155,15,28,3.0,12,9,4,2,4,0,1,1
2024-11-08,190,20,24,4.0,18,12,5,2,5,1,0,0
2024-11-09,118,24,0,2.0,11,6,4,1,4,1,1,1
2024-11-10,104,20,4,3.0,9,6,3,1,4,1,0,1
2024-11-11,188,13,19,3.0,10,10,5,1,3,1,0,0
2024-11-12,179,13,23,4.0,13,10,6,1,4,1,0,1
2024-11-13,178,14,24,3.0,10,9,6,2,2,0,0,1
2024-11-14,198,46,28,4.0,22,15,7,3,10,1,1,1
2024-11-15,164,20,26,3.0,13,12,6,2,4,1,1,1
2024-11-16,133,22,1,3.0,8,7,4,1,4,1,0,0
2024-11-17,108,18,3,2.0,9,5,3,0,4,1,1,1
2024-11-18,175,12,24,3.0,13,9,5,2,4,0,0,0
2024-11-19,190,13,28,3.0,16,12,6,2,4,1,0,0
2024-11-20,178,13,26,2.0,15,10,6,2,2,0,0,0
2024-11-21,179,14,30,1.0,14,10,6,2,4,0,0,0
2024-11-22,185,19,24,1.0,14,11,7,2,4,1,1,0
2024-11-23,118,24,6,3.0,12,6,4,1,4,1,1,0
2024-11-24,97,18,2,3.0,7,5,2,1,3,0,0,0
2024-11-25,160,14,23,2.0,14,10,5,2,2,0,0,0
2024-11-26,149,13,33,2.0,10,13,6,2,2,1,0,0
2024-11-27,197,13,29,1.0,14,10,7,1,3,1,0,0
2024-11-28,159,13,26,1.0,13,12,5,2,3,2,0,0
2024-11-29,169,20,27,2.0,13,12,6,1,4,1,0,0
2024-11-30,119,24,0,0.0,9,7,2,1,4,1,0,1
2024-12-01,111,17,0,1.0,7,6,2,1,3,1,0,1
2024-12-02,182,13,23,2.0,12,10,6,2,4,1,0,0
2024-12-03,182,12,20,2.0,11,8,4,2,3,1,1,0
2024-12-04,165,46,20,4.0,17,13,8,2,8,2,0,2
2024-12-05,170,13,19,1.0,9,7,5,1,4,0,0,1
2024-12-06,176,20,20,1.0,16,11,6,1,4,1,1,0
2024-12-07,119,23,0,0.0,8,6,4,2,5,0,0,1
2024-12-08,126,17,0,2.0,6,5,3,0,4,0,1,1
2024-12-09,178,12,24,1.0,12,10,6,3,3,1,0,0
2024-12-10,181,16,20,1.0,13,9,6,2,3,1,1,0
2024-12-11,180,12,25,0.0,11,10,5,1,2,1,1,1
2024-12-12,186,13,15,1.0,11,8,4,2,3,0,0,1
2024-12-13,174,20,15,0.0,14,9,5,1,5,1,0,0
2024-12-14,107,22,0,1.0,7,6,3,1,4,2,1,0
2024-12-15,112,17,0,0.0,6,5,3,1,3,0,1,1
2024-12-16,164,15,16,2.0,9,10,5,2,3,1,0,0
2024-12-17,166,13,16,0.0,13,8,4,1,3,0,1,0
2024-12-18,179,12,21,3.0,13,11,5,2,2,1,0,0
2024-12-19,187,14,19,3.0,13,10,5,2,4,1,0,1
2024-12-20,173,20,22,1.0,13,11,7,1,5,1,0,0
2024-12-21,126,25,0,0.0,8,5,4,2,5,1,0,0
2024-12-22,128,17,0,1.0,7,5,3,1,2,0,0,0
2024-12-23,175,12,24,0.0,13,10,5,2,3,1,0,0
2024-12-24,203,12,16,2.0,10,10,5,1,3,1,1,0
2024-12-25,179,14,24,1.0,12,10,5,1,4,1,0,0
2024-12-26,151,13,15,0.0,11,9,4,0,3,1,0,1
2024-12-27,181,19,22,1.0,16,14,6,2,5,1,0,0
2024-12-28,127,23,1,1.0,10,8,3,0,4,1,1,0
2024-12-29,123,18,0,3.0,7,6,3,1,4,1,0,1
2024-12-30,180,13,22,3.0,13,10,6,2,3,0,0,0
2024-12-31,171,12,19,0.0,12,10,3,2,3,0,0,1
2025-01-01,158,12,27,0.0,12,11,4,2,3,1,0,0
2025-01-02,170,13,18,0.0,12,8,4,2,3,1,1,0
2025-01-03,162,21,25,2.0,13,11,6,2,5,1,0,1
2025-01-04,115,22,3,1.0,11,7,3,1,6,1,0,1
2025-01-05,114,17,6,0.0,8,5,4,1,3,1,0,0
2025-01-06,192,13,28,2.0,13,11,7,1,4,1,0,0
2025-01-07,177,12,25,3.0,14,10,7,1,3,1,0,0
2025-01-08,158,12,26,1.0,11,10,6,1,4,1,0,0
2025-01-09,178,13,21,1.0,13,8,4,1,4,1,0,1
2025-01-10,187,20,30,1.0,18,14,5,2,5,0,1,1
2025-01-11,115,22,4,0.0,8,6,3,1,4,1,0,0
2025-01-12,106,17,0,2.0,8,5,2,0,3,0,1,0
2025-01-13,173,17,26,3.0,12,11,7,1,3,1,0,0
2025-01-14,163,13,26,2.0,14,9,5,2,3,1,1,0
2025-01-15,180,12,23,2.0,11,8,5,2,4,1,1,0
2025-01-16,171,12,25,3.0,15,11,6,1,4,1,1,1
2025-01-17,177,21,22,0.0,13,10,7,2,4,1,0,0
2025-01-18,112,22,0,1.0,8,6,3,0,4,1,1,0
2025-01-19,102,19,0,4.0,7,6,2,1,3,1,0,0
2025-01-20,181,13,26,1.0,9,8,5,1,3,1,0,0
2025-01-21,168,13,28,2.0,12,11,6,1,3,0,0,1
2025-01-22,193,13,25,2.0,11,13,6,2,3,1,1,0
2025-01-23,168,14,28,1.0,10,13,5,2,4,1,0,0
2025-01-24,175,19,27,1.0,15,9,6,2,4,0,0,0
2025-01-25,134,22,0,1.0,10,7,3,1,4,0,0,0
2025-01-26,90,19,4,0.0,9,5,2,0,2,0,1,0
2025-01-27,151,13,27,1.0,11,11,4,1,3,0,0,0
2025-01-28,154,13,30,1.0,13,10,5,2,3,1,1,0
2025-01-29,188,15,26,2.0,16,12,7,2,4,1,0,0
2025-01-30,166,14,21,1.0,10,9,5,1,3,1,0,1
2025-01-31,203,20,23,3.0,17,10,6,1,4,0,0,0
2025-02-01,116,26,0,3.0,11,6,3,1,5,0,0,0
2025-02-02,110,20,4,2.0,7,6,3,0,4,0,0,0
2025-02-03,191,12,30,0.0,10,11,6,1,3,1,1,0
2025-02-04,197,14,18,1.0,12,9,5,2,4,1,0,0
2025-02-05,197,13,30,0.0,16,10,5,2,3,1,0,0
2025-02-06,187,13,26,1.0,11,10,5,2,3,0,1,0
2025-02-07,185,19,22,4.0,11,10,6,0,5,1,0,0
2025-02-08,130,25,3,1.0,10,7,3,1,4,0,0,1
2025-02-09,117,17,0,0.0,8,5,3,1,4,1,0,0
2025-02-10,166,44,26,2.0,18,13,7,3,11,2,0,0
2025-02-11,163,16,25,1.0,12,10,6,1,4,1,0,0
2025-02-12,172,13,26,0.0,14,11,5,1,3,2,0,0
2025-02-13,170,14,22,1.0,11,11,5,1,3,2,0,0
2025-02-14,167,20,23,3.0,13,10,6,1,5,1,1,1
2025-02-15,131,23,4,2.0,10,7,4,1,5,0,0,0
2025-02-16,119,18,0,2.0,8,6,2,1,4,2,0,0
2025-02-17,174,16,25,1.0,13,10,5,2,4,1,0,0
2025-02-18,190,14,26,2.0,16,11,6,1,4,1,0,0
2025-02-19,159,14,24,3.0,14,11,4,1,3,1,0,0
2025-02-20,170,14,28,1.0,13,10,6,1,3,1,1,1
2025-02-21,164,21,24,2.0,12,11,5,2,5,0,0,0
2025-02-22,100,24,1,0.0,9,4,2,2,5,1,0,0
2025-02-23,107,18,0,0.0,8,5,3,0,3,0,0,0
2025-02-24,171,14,28,0.0,13,11,5,3,3,1,0,0
2025-02-25,191,13,23,0.0,13,11,5,2,4,0,0,0
2025-02-26,180,14,29,0.0,15,13,7,1,4,1,0,0
2025-02-27,160,14,25,1.0,15,10,5,1,3,1,0,0
2025-02-28,195,20,33,2.0,18,11,7,1,3,2,0,1
2025-03-01,137,24,0,2.0,10,6,4,1,5,2,0,1
2025-03-02,115,19,6,0.0,10,7,3,1,4,1,0,0
2025-03-03,170,13,27,0.0,15,11,6,2,3,1,1,1
2025-03-04,161,12,23,1.0,12,8,5,2,3,1,1,1
2025-03-05,168,14,27,1.0,15,11,5,2,4,1,1,0
2025-03-06,186,12,26,1.0,12,12,6,2,3,1,0,1
2025-03-07,195,18,24,1.0,16,11,6,1,5,1,0,0
2025-03-08,141,24,3,1.0,9,7,3,1,5,0,1,1
2025-03-09,102,18,5,2.0,7,5,2,2,2,0,0,0
2025-03-10,159,12,27,0.0,12,9,4,3,3,1,1,0
2025-03-11,174,12,24,1.0,11,11,5,2,3,0,0,1
2025-03-12,151,13,24,1.0,11,10,4,1,3,1,0,0
2025-03-13,177,36,25,1.0,19,13,7,1,8,1,0,1
2025-03-14,171,21,28,0.0,15,11,6,1,5,1,0,0
2025-03-15,117,24,0,3.0,10,7,2,1,4,2,1,0
2025-03-16,89,18,3,2.0,8,5,2,2,4,0,0,1
2025-03-17,179,13,20,0.0,13,10,4,1,3,0,0,0
2025-03-18,166,16,27,2.0,12,12,5,2,4,1,2,1
2025-03-19,159,14,27,1.0,15,9,4,2,2,0,0,1
2025-03-20,138,13,31,1.0,13,11,5,0,4,1,1,0
2025-03-21,172,19,28,0.0,15,8,5,1,3,1,1,0
2025-03-22,144,23,1,1.0,10,7,4,2,5,1,0,1
2025-03-23,128,17,0,3.0,9,6,3,1,4,0,0,0
2025-03-24,167,15,27,0.0,11,11,7,2,4,1,0,0
2025-03-25,165,14,24,2.0,12,11,6,1,3,0,0,1
2025-03-26,178,12,26,1.0,14,11,5,2,3,1,0,0
2025-03-27,161,41,23,1.0,18,12,7,1,9,1,1,1
2025-03-28,176,18,24,2.0,13,9,5,2,4,1,0,0
2025-03-29,132,23,0,2.0,7,6,3,1,5,1,1,1
2025-03-30,122,20,0,4.0,8,6,4,1,4,1,0,1
2025-03-31,172,13,21,3.0,13,8,5,2,3,1,0,1
2025-04-01,170,14,28,2.0,15,12,6,1,3,1,0,0
2025-04-02,162,14,23,1.0,12,10,5,0,4,1,0,0
2025-04-03,163,13,29,0.0,13,10,6,2,2,1,1,0
2025-04-04,170,21,23,0.0,12,11,6,0,5,2,1,0
2025-04-05,127,23,8,1.0,11,7,4,1,5,0,0,0
2025-04-06,119,19,0,3.0,8,5,3,0,3,0,0,0
2025-04-07,163,14,26,2.0,13,9,5,1,3,2,1,0
2025-04-08,191,14,25,1.0,13,12,6,1,2,1,1,1
2025-04-09,170,12,21,0.0,12,8,5,2,3,0,2,0
2025-04-10,173,13,23,0.0,13,9,5,1,3,1,0,1
2025-04-11,164,22,24,3.0,15,12,6,2,4,1,1,0
2025-04-12,94,22,3,1.0,6,5,3,1,4,1,0,0
2025-04-13,118,18,0,0.0,8,6,2,1,3,1,0,0
2025-04-14,182,12,26,2.0,13,12,5,2,3,0,0,1
2025-04-15,169,14,25,0.0,12,11,5,1,4,1,0,0
2025-04-16,174,16,27,0.0,16,12,6,1,3,1,1,0
2025-04-17,179,15,22,1.0,11,10,5,2,3,0,0,1
2025-04-18,154,18,24,2.0,12,10,5,1,4,1,0,0
2025-04-19,116,23,6,2.0,7,6,4,2,4,0,1,0
2025-04-20,117,17,0,2.0,9,4,4,1,3,0,0,1
2025-04-21,158,13,21,1.0,13,11,4,1,3,0,1,0
2025-04-22,176,15,23,1.0,13,10,5,2,3,1,1,0
2025-04-23,157,12,20,0.0,12,10,5,1,3,0,1,1
2025-04-24,178,15,30,0.0,10,10,6,2,3,1,1,1
2025-04-25,172,20,24,0.0,15,11,6,2,4,0,1,0
2025-04-26,103,24,1,2.0,8,7,3,1,5,1,0,0
2025-04-27,122,18,4,4.0,11,7,3,1,4,1,0,0
2025-04-28,164,14,23,1.0,13,10,5,2,4,1,0,0
2025-04-29,163,13,24,2.0,13,9,5,1,3,1,0,0
2025-04-30,175,13,23,1.0,11,9,5,2,3,1,0,0
2025-05-01,187,18,17,0.0,11,10,5,1,4,1,0,0
2025-05-02,161,20,22,2.0,15,9,4,2,4,2,0,1
2025-05-03,124,23,2,1.0,8,6,4,1,5,1,1,0
2025-05-04,113,19,0,1.0,7,6,2,1,4,0,0,0
2025-05-05,181,12,25,0.0,15,9,6,1,3,0,0,0
2025-05-06,175,12,19,0.0,12,10,4,2,4,1,0,0
2025-05-07,169,14,20,2.0,11,11,5,2,3,0,0,0
2025-05-08,163,14,18,2.0,12,9,5,1,4,1,0,1
2025-05-09,174,19,23,0.0,13,11,5,1,4,1,0,0
2025-05-10,110,22,0,5.0,7,6,3,1,4,0,0,0
2025-05-11,73,46,0,2.0,11,7,4,1,9,1,0,0
2025-05-12,178,13,24,3.0,12,12,5,1,4,1,0,0
2025-05-13,184,12,21,1.0,13,11,5,1,3,0,0,0
2025-05-14,145,13,25,0.0,11,10,6,2,3,0,1,0
2025-05-15,161,12,23,1.0,12,10,5,2,3,0,0,1
2025-05-16,180,19,21,2.0,15,11,5,2,5,0,1,1
2025-05-17,148,22,0,0.0,12,5,3,1,4,1,0,0
2025-05-18,108,22,1,1.0,10,6,2,0,4,0,0,0
2025-05-19,164,16,23,2.0,13,9,6,2,3,1,0,1
2025-05-20,171,15,23,1.0,13,10,5,2,4,0,0,0
2025-05-21,190,13,23,1.0,12,12,6,1,3,1,1,0
2025-05-22,165,13,20,3.0,10,8,4,2,3,0,0,0
2025-05-23,163,18,22,3.0,10,11,5,2,4,2,1,0
2025-05-24,117,23,0,1.0,8,5,3,1,5,1,0,0
2025-05-25,97,20,3,4.0,10,6,2,1,4,0,1,0
2025-05-26,175,14,21,1.0,15,11,5,2,4,1,1,0
2025-05-27,193,12,20,0.0,12,9,5,1,2,0,0,0
2025-05-28,177,13,26,1.0,14,10,4,1,3,0,0,0
2025-05-29,170,15,26,3.0,13,11,5,2,4,1,0,0
2025-05-30,170,20,23,5.0,14,10,6,2,5,1,0,0
2025-05-31,104,23,0,3.0,8,4,3,1,5,1,0,0
2025-06-01,119,19,1,3.0,7,6,3,1,5,1,0,1
2025-06-02,172,13,25,0.0,14,11,5,2,4,0,0,0
2025-06-03,171,14,22,3.0,12,10,4,2,3,1,0,1
2025-06-04,211,14,26,0.0,15,12,6,1,3,0,0,1
2025-06-05,177,12,30,1.0,14,13,6,1,4,1,0,0
2025-06-06,164,20,27,1.0,17,11,7,2,5,1,1,0
2025-06-07,118,23,0,4.0,10,6,3,1,4,0,0,0
2025-06-08,122,18,3,3.0,9,6,3,1,3,2,0,0
2025-06-09,174,14,26,2.0,11,11,4,2,3,1,0,1
2025-06-10,156,36,26,3.0,17,12,7,2,8,1,0,0
2025-06-11,184,13,23,1.0,13,13,5,2,2,1,0,0
2025-06-12,165,12,25,3.0,13,11,5,2,3,0,0,1
2025-06-13,196,19,28,3.0,17,12,6,1,5,1,0,0
2025-06-14,136,24,0,2.0,10,8,4,0,5,1,0,0
2025-06-15,103,18,1,4.0,7,6,2,1,3,0,0,0
2025-06-16,189,15,24,3.0,15,12,6,1,4,1,0,0
2025-06-17,174,14,28,2.0,13,10,5,2,4,2,1,1
2025-06-18,183,12,28,2.0,13,15,7,2,3,2,0,0
2025-06-19,179,12,19,2.0,10,8,5,2,3,0,1,0
2025-06-20,163,20,28,3.0,14,9,6,1,5,1,1,0
2025-06-21,115,25,6,3.0,10,8,3,1,5,1,0,0
2025-06-22,121,17,5,3.0,10,6,4,1,3,1,1,0
2025-06-23,169,14,23,2.0,12,7,3,2,4,1,1,0
2025-06-24,168,14,24,2.0,14,10,6,3,3,1,0,0
2025-06-25,162,14,20,3.0,9,10,5,1,3,1,0,1
2025-06-26,178,12,19,3.0,13,10,5,1,3,0,0,0
2025-06-27,198,20,24,5.0,17,13,7,2,6,1,1,0
2025-06-28,110,24,2,3.0,8,6,3,1,4,1,0,0
2025-06-29,108,17,3,4.0,7,6,3,0,3,1,0,1
2025-06-30,190,12,27,5.0,13,14,5,2,3,0,0,0
2025-07-01,172,13,34,5.0,15,14,6,2,4,1,0,0
2025-07-02,179,13,24,4.0,12,11,5,1,3,0,0,0
2025-07-03,160,13,22,5.0,12,11,5,2,3,1,1,0
2025-07-04,178,19,27,6.0,17,14,7,2,3,1,1,1
2025-07-05,121,24,3,8.0,10,7,5,1,5,0,0,0
2025-07-06,120,20,0,9.0,10,7,3,0,4,0,1,0
2025-07-07,187,13,28,8.0,15,13,6,2,4,1,1,0
2025-07-08,204,15,23,7.0,10,13,7,2,3,2,2,0
2025-07-09,180,14,25,9.0,13,11,6,2,4,1,0,0
2025-07-10,177,15,25,8.0,16,12,6,1,4,0,0,0
2025-07-11,176,20,22,12.0,14,11,5,2,5,0,1,0
2025-07-12,119,26,0,8.0,9,7,4,2,5,0,1,0
2025-07-13,112,19,3,8.0,10,6,4,0,4,1,0,0
2025-07-14,170,13,29,9.0,15,11,6,2,4,1,0,0
2025-07-15,175,13,28,15.0,18,13,7,1,3,1,0,0
2025-07-16,189,12,28,10.0,14,11,6,2,4,1,0,0
2025-07-17,161,13,23,11.0,16,9,7,2,4,1,0,0
2025-07-18,187,19,26,13.0,15,15,8,2,5,0,0,1
2025-07-19,139,25,0,11.0,8,7,4,2,6,1,1,0
2025-07-20,107,18,3,14.0,11,6,4,2,3,0,1,0
2025-07-21,148,12,29,13.0,16,10,6,2,3,0,1,0
2025-07-22,166,14,29,15.0,17,13,8,2,4,1,0,1
2025-07-23,189,12,31,15.0,16,16,6,2,3,0,1,1
2025-07-24,173,12,28,16.0,18,13,6,3,4,1,0,0
2025-07-25,161,20,26,16.0,18,14,7,1,5,1,1,0
2025-07-26,117,24,5,16.0,13,8,5,2,4,1,1,0
2025-07-27,118,18,4,18.0,11,8,5,1,3,0,1,0
2025-07-28,180,13,23,18.0,13,12,7,1,3,1,1,0
2025-07-29,170,12,20,20.0,15,13,7,1,2,2,1,0
2025-07-30,169,13,28,18.0,17,11,6,2,3,0,0,0
2025-07-31,169,13,31,20.0,21,14,7,3,4,2,0,0
2025-08-01,162,19,28,22.0,18,14,7,1,4,1,0,0
2025-08-02,143,26,0,23.0,12,10,5,2,5,1,0,1
2025-08-03,105,19,0,25.0,12,7,4,1,3,0,0,1
2025-08-04,188,14,24,22.0,19,13,7,1,4,0,0,1
2025-08-05,192,13,19,27.0,20,15,9,2,4,1,1,1
2025-08-06,185,17,21,26.0,17,14,8,2,4,1,1,0
2025-08-07,168,13,25,25.0,16,16,7,3,3,1,1,0
2025-08-08,178,21,26,26.0,16,14,6,2,5,0,0,1
2025-08-09,123,23,0,26.0,12,7,4,1,5,1,0,0
2025-08-10,98,19,0,31.0,12,8,5,2,4,1,1,1
2025-08-11,177,14,29,29.0,15,10,6,3,4,2,0,0
2025-08-12,159,12,24,29.0,20,15,7,3,3,1,0,1
2025-08-13,188,13,24,30.0,17,15,8,3,3,2,1,0
2025-08-14,168,15,23,31.0,18,15,7,3,4,2,0,0
2025-08-15,176,20,23,30.0,19,16,8,3,4,1,1,1
2025-08-16,127,24,6,32.0,17,13,5,2,5,1,0,1
2025-08-17,105,19,0,35.0,13,7,5,1,4,0,1,0
2025-08-18,180,12,26,31.0,15,11,8,3,3,0,0,0
2025-08-19,168,16,25,33.0,19,14,7,2,4,1,1,0
2025-08-20,184,12,19,33.0,19,14,6,2,4,1,0,0
2025-08-21,157,14,26,32.0,16,15,6,2,3,1,0,0
2025-08-22,175,19,20,33.0,20,15,8,2,4,1,1,0
2025-08-23,147,22,4,35.0,16,12,6,2,4,0,0,0
2025-08-24,96,17,0,34.0,12,7,5,1,3,0,0,0
2025-08-25,165,14,27,35.0,17,14,6,1,4,0,0,0
2025-08-26,180,14,24,36.0,18,15,7,3,3,0,1,0
2025-08-27,176,12,23,34.0,18,14,6,3,3,1,1,1
2025-08-28,178,12,26,35.0,17,14,8,3,3,1,1,0
2025-08-29,179,20,21,40.0,17,17,8,3,6,2,0,1
2025-08-30,131,24,2,36.0,13,10,6,2,5,0,0,0
2025-08-31,122,18,4,38.0,14,10,6,1,4,1,0,0
2025-09-01,178,14,28,37.0,20,17,9,3,4,1,1,1
2025-09-02,171,13,24,36.0,18,15,9,3,3,1,0,1
2025-09-03,182,15,24,35.0,23,15,8,2,4,1,1,0
2025-09-04,196,13,21,38.0,15,15,6,2,4,2,1,0
2025-09-05,172,19,23,37.0,20,15,10,2,5,2,1,0
2025-09-06,112,28,0,37.0,12,11,6,2,5,2,0,0
2025-09-07,122,18,3,36.0,13,10,6,2,3,1,0,0
2025-09-08,172,13,28,34.0,19,15,8,3,3,0,0,0
2025-09-09,147,14,24,35.0,17,15,10,2,3,1,0,1
2025-09-10,184,12,22,37.0,14,16,8,1,3,1,1,0
2025-09-11,167,13,26,33.0,18,13,9,3,4,0,1,1
2025-09-12,172,18,22,36.0,19,19,7,1,4,1,0,0
2025-09-13,128,22,4,34.0,16,10,6,2,4,1,1,0
2025-09-14,111,18,8,34.0,11,12,7,2,4,0,0,0
2025-09-15,182,15,22,33.0,21,13,7,2,3,1,0,1
2025-09-16,168,14,23,32.0,12,17,6,2,3,1,1,0
2025-09-17,180,12,21,35.0,15,15,8,3,3,0,1,0
2025-09-18,170,14,25,34.0,18,16,7,2,4,1,1,0
2025-09-19,182,19,25,32.0,20,15,9,2,6,1,0,1
2025-09-20,131,25,1,29.0,16,8,5,2,5,1,0,0
2025-09-21,97,19,2,29.0,12,11,6,1,4,1,0,0
2025-09-22,187,13,22,28.0,17,15,7,2,3,2,1,0
2025-09-23,167,12,20,27.0,16,12,7,1,4,1,1,1
2025-09-24,183,15,23,28.0,12,15,6,3,3,1,0,1
2025-09-25,178,15,19,26.0,14,11,6,2,3,1,1,0
2025-09-26,196,20,22,29.0,16,12,7,2,4,1,0,0
2025-09-27,121,24,3,25.0,15,10,4,1,5,0,0,0
2025-09-28,104,17,2,27.0,13,8,5,2,3,1,1,0
2025-09-29,173,12,20,23.0,18,12,6,2,3,1,0,0
2025-09-30,170,13,28,24.0,18,14,6,1,3,1,1,0
2025-10-01,183,13,24,26.0,19,12,6,2,4,1,0,0
2025-10-02,154,13,21,24.0,15,12,7,2,3,2,1,1
2025-10-03,161,19,24,23.0,16,12,7,2,4,2,0,0
2025-10-04,111,24,0,21.0,10,9,5,1,4,0,0,2
2025-10-05,120,18,0,21.0,9,8,4,1,3,1,1,1
2025-10-06,194,14,27,18.0,14,15,9,2,4,1,0,0
2025-10-07,172,12,22,20.0,16,10,7,2,3,1,1,0
2025-10-08,172,14,26,17.0,15,14,6,1,4,1,1,0
2025-10-09,175,13,21,17.0,13,14,7,1,2,0,1,1
2025-10-10,188,19,25,17.0,13,14,7,2,5,1,0,1
2025-10-11,113,25,3,16.0,10,9,4,0,5,0,0,0
2025-10-12,112,18,3,14.0,10,7,4,1,5,0,0,1
2025-10-13,185,14,25,16.0,13,14,6,1,4,1,0,0
2025-10-14,180,12,24,14.0,19,15,7,2,4,1,0,0
2025-10-15,176,13,22,14.0,12,15,6,1,3,1,2,1
2025-10-16,186,13,22,13.0,17,12,6,2,3,1,0,0
2025-10-17,141,19,26,13.0,15,11,7,1,4,1,0,1
2025-10-18,132,24,0,11.0,10,8,5,1,5,2,1,1
2025-10-19,101,18,0,10.0,8,5,3,1,3,0,0,0
2025-10-20,152,14,29,14.0,15,12,5,2,4,1,0,0
2025-10-21,180,14,24,10.0,15,11,7,2,4,1,0,1
2025-10-22,190,14,27,9.0,13,16,6,2,3,1,1,0
2025-10-23,172,13,28,13.0,16,15,7,1,4,1,1,0
2025-10-24,185,19,25,12.0,16,15,7,2,5,1,1,0
2025-10-25,143,22,1,9.0,9,8,4,2,4,0,1,1
2025-10-26,125,18,1,7.0,8,6,4,1,4,0,0,0
2025-10-27,193,12,30,8.0,18,13,6,2,4,0,0,0
2025-10-28,183,13,23,7.0,14,14,6,2,2,0,1,0
2025-10-29,175,14,26,6.0,14,12,6,2,3,0,0,0
2025-10-30,155,13,27,7.0,13,13,5,2,3,1,0,0
2025-10-31,171,18,26,7.0,14,10,6,3,4,1,1,0
2025-11-01,114,23,5,6.0,10,8,3,1,5,0,1,0
2025-11-02,135,19,1,4.0,9,6,4,1,3,0,1,0
2025-11-03,172,14,27,6.0,15,11,6,2,3,1,0,0
2025-11-04,175,12,20,4.0,13,12,5,1,3,0,0,0
2025-11-05,180,14,29,6.0,13,13,5,2,3,0,1,0
2025-11-06,174,14,28,3.0,15,13,4,1,4,0,0,0
2025-11-07,194,19,24,3.0,13,12,6,2,4,0,0,0
2025-11-08,116,22,3,4.0,8,5,4,2,6,1,0,1
2025-11-09,111,18,5,4.0,9,6,4,1,3,1,0,1
2025-11-10,165,14,22,2.0,13,11,6,1,3,1,0,0
2025-11-11,158,14,25,2.0,14,11,5,1,4,1,0,1
2025-11-12,167,15,21,3.0,9,12,4,2,5,2,1,0
2025-11-13,173,14,28,4.0,15,12,5,1,3,1,1,0
2025-11-14,169,19,27,6.0,16,11,8,2,4,1,0,0
2025-11-15,116,22,1,2.0,8,6,4,1,4,1,0,0
2025-11-16,92,19,1,4.0,7,6,3,1,3,1,1,0
2025-11-17,173,12,25,1.0,13,8,5,1,2,1,0,0
2025-11-18,156,14,22,3.0,7,10,5,1,3,1,1,0
2025-11-19,183,16,24,3.0,12,10,7,2,4,1,1,1
2025-11-20,175,14,22,2.0,15,10,5,1,3,0,0,1
2025-11-21,156,18,28,3.0,13,12,6,2,4,1,0,1
2025-11-22,120,24,5,1.0,10,7,4,2,4,1,0,0
2025-11-23,100,18,5,2.0,8,7,2,1,4,1,0,1
2025-11-24,178,13,21,4.0,14,11,5,1,3,1,0,0
2025-11-25,190,14,24,1.0,13,12,5,1,3,1,0,0
2025-11-26,151,15,27,2.0,13,11,6,2,4,1,1,1
2025-11-27,175,12,27,6.0,14,10,5,1,4,1,0,0
2025-11-28,172,22,19,3.0,15,11,4,1,5,1,0,1
2025-11-29,132,23,4,2.0,11,5,3,1,5,1,0,0
2025-11-30,112,17,0,2.0,7,5,2,0,4,1,0,0
2025-12-01,165,12,20,1.0,11,6,5,1,3,0,1,0
2025-12-02,170,14,24,5.0,13,12,6,1,3,1,0,1
2025-12-03,164,12,23,4.0,14,12,6,2,3,0,0,1
2025-12-04,187,16,24,1.0,15,12,5,2,3,0,1,1
2025-12-05,174,19,17,2.0,12,11,5,2,4,1,0,0
2025-12-06,147,22,0,0.0,7,7,3,2,4,0,1,0
2025-12-07,108,20,0,2.0,9,5,3,0,4,1,0,0
2025-12-08,166,13,20,1.0,13,8,4,0,4,1,0,1
2025-12-09,156,13,21,0.0,10,9,4,2,3,1,0,0
2025-12-10,152,13,24,4.0,12,9,5,2,3,1,2,0
2025-12-11,155,13,17,3.0,12,9,5,2,4,0,0,0
2025-12-12,177,20,18,2.0,14,11,5,1,4,1,0,0
2025-12-13,130,22,1,3.0,7,6,4,1,4,0,1,0
2025-12-14,90,19,0,1.0,6,4,3,1,4,1,0,0
2025-12-15,185,16,22,2.0,14,8,5,1,4,0,0,1
2025-12-16,168,12,20,2.0,12,9,6,1,4,1,0,1
2025-12-17,176,14,21,4.0,14,10,5,1,3,0,0,0
2025-12-18,193,13,18,4.0,14,10,4,1,3,1,1,0
2025-12-19,185,20,22,1.0,15,12,6,0,4,1,0,0
2025-12-20,121,23,0,1.0,9,7,3,1,5,0,0,0
2025-12-21,98,19,0,4.0,7,5,3,0,4,0,0,0
2025-12-22,148,14,21,2.0,12,10,4,1,3,1,0,1
2025-12-23,165,12,12,0.0,10,8,4,1,3,0,0,1
2025-12-24,172,15,18,1.0,14,11,5,1,3,0,1,0
2025-12-25,162,12,21,4.0,11,9,5,1,4,1,0,0
2025-12-26,173,21,22,2.0,15,10,5,2,4,1,0,0
2025-12-27,125,24,1,2.0,9,6,3,1,4,1,0,0
2025-12-28,106,18,2,2.0,8,4,3,1,4,0,0,0
2025-12-29,166,17,24,0.0,13,10,5,1,3,1,1,0
2025-12-30,176,12,21,4.0,14,9,5,2,3,1,0,1
2025-12-31,179,13,23,1.0,12,11,5,1,3,0,0,1
2026-01-01,161,13,26,0.0,13,7,5,1,3,0,0,0
2026-01-02,191,18,27,0.0,15,12,6,1,5,1,0,1
2026-01-03,123,23,0,0.0,8,6,3,0,4,1,0,0
2026-01-04,109,18,3,2.0,8,5,3,1,3,0,0,1
2026-01-05,183,13,24,1.0,15,12,5,2,5,1,0,0
2026-01-06,177,14,24,3.0,13,10,6,1,3,0,1,0
2026-01-07,186,14,26,2.0,15,12,6,2,3,0,1,0
2026-01-08,178,13,31,0.0,13,11,6,1,3,0,0,0
2026-01-09,167,19,26,2.0,12,14,5,2,4,0,0,0
2026-01-10,129,24,2,0.0,10,6,3,1,5,1,0,0
2026-01-11,95,17,0,1.0,6,5,3,0,4,1,0,0
2026-01-12,175,12,28,0.0,11,12,5,1,4,1,0,0
2026-01-13,174,14,24,3.0,12,12,7,2,3,1,0,0
2026-01-14,172,13,26,1.0,15,11,7,2,3,1,1,1
2026-01-15,173,13,27,4.0,15,9,6,2,3,0,1,1
2026-01-16,152,44,29,1.0,17,15,6,2,8,1,1,0
2026-01-17,118,22,5,0.0,8,7,3,1,5,0,0,0
2026-01-18,110,17,0,2.0,7,3,3,0,5,1,1,0
2026-01-19,176,14,20,3.0,14,8,4,1,3,0,0,1
2026-01-20,162,12,27,0.0,12,11,6,2,3,1,0,0
2026-01-21,189,12,25,2.0,13,13,6,2,3,1,0,0
2026-01-22,164,13,26,3.0,12,11,5,2,3,1,1,1
2026-01-23,186,21,30,0.0,15,14,5,2,4,1,0,0
2026-01-24,129,39,0,2.0,14,8,5,0,7,1,0,1
2026-01-25,101,20,6,1.0,9,6,4,0,3,0,0,0
2026-01-26,196,15,23,3.0,14,11,6,2,4,1,0,0
2026-01-27,160,14,30,1.0,15,11,6,3,4,0,0,0
2026-01-28,185,13,27,1.0,14,12,5,1,4,1,1,0
2026-01-29,186,13,20,0.0,14,9,4,1,3,1,0,0
2026-01-30,166,20,24,2.0,13,13,7,1,4,1,0,0
2026-01-31,141,23,8,0.0,11,7,4,0,5,0,0,1
2026-02-01,106,20,7,2.0,10,8,4,1,3,0,0,0
2026-02-02,178,13,27,1.0,16,11,5,2,4,1,1,0
2026-02-03,177,13,26,3.0,12,11,6,1,4,1,0,0
2026-02-04,173,13,26,0.0,13,10,6,1,3,1,1,0
2026-02-05,184,15,26,0.0,12,12,6,2,3,1,0,0
2026-02-06,184,20,25,1.0,13,11,7,1,4,1,1,0
2026-02-07,103,22,6,1.0,9,6,3,1,4,0,0,0
2026-02-08,125,20,4,1.0,7,7,3,2,4,1,0,0
2026-02-09,154,14,22,0.0,12,11,5,1,3,1,0,0
2026-02-10,187,14,27,1.0,15,10,5,1,3,1,0,0
2026-02-11,188,15,25,2.0,14,12,8,2,3,1,0,1
2026-02-12,161,14,24,1.0,11,12,4,1,3,1,1,0
2026-02-13,169,19,31,2.0,15,10,8,2,5,0,1,1
2026-02-14,111,25,2,1.0,11,6,4,0,4,0,0,0
2026-02-15,107,20,0,0.0,7,6,3,1,4,1,0,0
2026-02-16,171,13,24,0.0,11,11,5,1,3,0,0,0
2026-02-17,184,15,28,3.0,10,14,6,1,4,1,1,1
2026-02-18,190,14,22,0.0,15,10,5,1,4,0,0,0
2026-02-19,191,14,28,4.0,12,11,7,1,3,0,0,1
2026-02-20,168,20,22,0.0,14,12,6,2,3,0,1,1
2026-02-21,122,24,6,0.0,12,6,4,1,4,1,0,0
2026-02-22,89,21,0,4.0,8,5,3,2,4,0,0,0
2026-02-23,165,13,24,3.0,13,11,5,2,3,1,1,0
2026-02-24,186,13,24,3.0,13,12,5,1,3,1,1,1
2026-02-25,194,13,27,0.0,14,10,5,1,3,1,0,0
2026-02-26,160,14,31,1.0,14,12,5,2,4,1,1,1
2026-02-27,167,18,25,1.0,15,10,6,2,5,1,0,1
2026-02-28,124,23,2,2.0,7,5,4,1,5,0,0,1
2026-03-01,113,17,0,0.0,7,5,3,1,3,1,1,0
2026-03-02,165,16,20,2.0,13,8,5,1,4,1,1,1
2026-03-03,180,14,24,0.0,17,10,5,1,3,1,1,0
2026-03-04,169,16,21,2.0,13,9,5,2,3,0,0,1
2026-03-05,174,14,19,2.0,12,11,5,2,3,1,0,0
2026-03-06,181,19,25,1.0,15,12,6,2,4,2,1,1
2026-03-07,125,23,0,0.0,9,7,4,0,5,1,0,0
2026-03-08,104,20,6,0.0,7,5,3,0,4,1,0,0
2026-03-09,173,15,22,2.0,14,10,5,1,4,0,1,1
2026-03-10,173,13,27,0.0,12,9,5,1,3,1,0,0
2026-03-11,170,41,27,0.0,20,13,7,2,10,2,1,0
2026-03-12,171,14,29,1.0,12,11,5,2,4,1,0,0
2026-03-13,194,21,24,1.0,15,15,6,2,5,1,1,0
2026-03-14,131,24,6,1.0,10,8,4,1,4,1,0,0
2026-03-15,106,17,4,1.0,7,5,3,2,3,1,0,0
2026-03-16,183,12,28,3.0,14,13,6,1,3,1,0,0
2026-03-17,170,14,32,1.0,15,13,7,2,4,1,1,0
2026-03-18,189,12,25,0.0,13,11,5,1,3,2,1,0
2026-03-19,179,13,26,3.0,15,12,5,1,4,0,0,0
2026-03-20,173,19,24,1.0,13,11,6,2,5,0,1,1
2026-03-21,130,22,7,1.0,11,10,3,2,5,0,1,0
2026-03-22,91,18,10,2.0,8,7,4,1,4,1,0,0
2026-03-23,161,13,27,2.0,16,10,5,2,3,1,1,0
2026-03-24,160,14,20,2.0,13,10,5,2,2,0,0,0
2026-03-25,176,14,22,0.0,11,11,5,1,3,1,1,1
2026-03-26,195,12,28,0.0,17,12,5,2,3,1,0,0
2026-03-27,201,21,22,2.0,16,12,5,1,3,1,0,1
2026-03-28,132,22,0,0.0,8,5,3,1,4,0,0,0
2026-03-29,116,18,0,1.0,7,5,3,1,3,0,1,0
2026-03-30,153,14,25,1.0,11,12,5,1,3,1,0,1
2026-03-31,168,15,26,3.0,12,11,7,1,4,1,0,0
2026-04-01,165,12,19,1.0,13,8,5,2,3,1,0,1
2026-04-02,167,13,20,0.0,10,9,5,1,2,0,1,0
2026-04-03,173,19,20,3.0,11,10,5,1,4,1,0,0
2026-04-04,119,23,0,1.0,9,6,3,1,4,2,0,0
2026-04-05,86,18,2,0.0,8,4,2,0,4,1,0,0
2026-04-06,184,13,26,2.0,15,11,5,1,3,1,0,0
2026-04-07,162,13,28,1.0,17,10,6,0,3,2,0,0
2026-04-08,177,15,27,0.0,18,14,4,2,3,1,1,0
2026-04-09,200,12,23,1.0,12,12,4,2,2,2,1,0
2026-04-10,164,20,26,3.0,14,12,5,2,4,1,0,0
2026-04-11,94,23,5,1.0,7,7,2,1,5,1,0,1
2026-04-12,106,18,1,3.0,7,5,2,1,4,0,1,0
2026-04-13,188,15,24,0.0,15,13,6,1,3,1,1,0
2026-04-14,198,14,22,0.0,14,11,5,2,4,0,0,0
2026-04-15,160,12,23,2.0,14,12,4,1,3,1,0,0
2026-04-16,181,12,27,0.0,12,10,6,1,4,1,0,0
2026-04-17,169,18,25,2.0,13,12,6,1,4,2,1,0
2026-04-18,123,23,8,1.0,11,7,4,1,4,1,0,1
2026-04-19,141,18,0,1.0,9,6,2,1,4,0,1,0
2026-04-20,157,15,27,2.0,11,9,5,2,4,0,1,1
2026-04-21,178,13,26,1.0,13,10,5,1,3,1,0,1
2026-04-22,180,13,25,2.0,14,13,6,2,4,1,1,0
2026-04-23,188,14,24,0.0,14,9,7,2,3,1,0,0
2026-04-24,176,20,27,1.0,17,13,6,2,5,1,1,0
2026-04-25,128,23,4,1.0,10,9,3,1,5,1,0,1
2026-04-26,105,20,3,3.0,7,6,2,1,4,1,0,0
2026-04-27,178,12,26,0.0,10,13,4,2,4,1,1,1
2026-04-28,171,14,25,1.0,13,11,6,1,3,1,0,0
2026-04-29,182,15,20,2.0,12,11,5,2,3,1,0,1
2026-04-30,170,15,25,1.0,12,11,5,2,3,1,1,0
2026-05-01,179,20,21,0.0,15,10,6,2,5,2,1,0
2026-05-02,124,24,5,3.0,9,7,3,1,5,0,0,1
2026-05-03,123,20,1,1.0,8,5,3,1,4,1,0,0
2026-05-04,174,13,23,2.0,14,11,5,1,3,1,1,1
2026-05-05,153,38,23,3.0,16,16,8,1,7,2,0,0
2026-05-06,190,13,19,0.0,13,11,4,1,3,0,0,0
2026-05-07,164,13,20,0.0,12,9,5,1,4,1,0,0
2026-05-08,167,19,21,0.0,13,11,4,2,4,1,1,0
2026-05-09,118,25,0,4.0,10,6,4,0,7,1,0,0
2026-05-10,126,17,0,3.0,8,7,3,1,3,0,0,0
2026-05-11,149,14,20,2.0,10,7,4,1,3,1,0,0
2026-05-12,212,13,19,0.0,11,13,6,1,3,1,0,0
2026-05-13,187,14,22,2.0,14,10,6,1,3,1,0,0
2026-05-14,177,12,22,1.0,11,10,5,1,2,0,0,0
2026-05-15,174,18,23,2.0,15,9,5,1,4,2,1,1
2026-05-16,128,24,0,1.0,9,6,3,2,5,0,0,1
2026-05-17,116,17,0,2.0,6,5,3,2,3,0,1,0
2026-05-18,183,14,19,2.0,15,11,5,1,4,0,0,0
2026-05-19,181,13,21,1.0,12,11,5,0,2,0,1,0
2026-05-20,176,14,23,0.0,12,9,5,1,3,1,0,0
2026-05-21,172,14,21,3.0,13,9,5,1,4,2,0,0
2026-05-22,173,19,17,3.0,13,9,5,2,4,0,1,0
2026-05-23,123,24,0,3.0,10,6,4,1,4,1,1,0
2026-05-24,123,17,0,1.0,7,5,2,1,3,1,0,1
2026-05-25,182,12,24,3.0,15,10,6,1,3,1,0,1
2026-05-26,140,13,23,4.0,13,11,5,1,2,1,0,0
2026-05-27,183,14,24,0.0,12,10,5,2,4,1,0,0
2026-05-28,177,13,21,2.0,13,11,5,1,3,1,0,0
2026-05-29,175,18,24,1.0,16,12,5,2,4,0,0,0
2026-05-30,120,23,0,4.0,10,5,3,0,5,1,0,0
2026-05-31,123,18,0,2.0,8,6,3,1,4,1,0,0
2026-06-01,186,13,27,0.0,15,9,5,2,3,1,0,0
2026-06-02,166,12,26,3.0,14,10,5,2,2,1,1,0
2026-06-03,180,12,30,0.0,13,12,6,1,4,1,1,0
2026-06-04,163,44,29,1.0,20,14,7,2,10,2,0,0
2026-06-05,158,19,25,3.0,15,11,5,1,5,0,0,0
2026-06-06,117,22,1,0.0,9,5,2,0,3,0,0,1
2026-06-07,120,18,7,4.0,9,8,4,1,4,1,0,1
2026-06-08,186,12,27,3.0,14,12,6,1,3,0,0,0
2026-06-09,181,13,24,2.0,12,10,6,2,3,1,0,0
2026-06-10,184,14,19,3.0,13,9,6,1,2,0,0,0
2026-06-11,181,13,23,4.0,15,12,6,1,3,1,0,1
2026-06-12,167,20,23,1.0,15,11,6,0,5,1,0,1
2026-06-13,130,26,2,4.0,9,6,4,2,5,1,0,0
2026-06-14,120,18,4,5.0,9,6,3,1,3,0,1,0
2026-06-15,184,13,27,2.0,9,14,5,2,4,1,0,1
2026-06-16,189,14,30,1.0,14,13,6,1,3,1,1,0
2026-06-17,183,14,28,2.0,16,12,5,1,3,1,0,0
2026-06-18,179,13,21,3.0,13,10,5,1,3,0,1,0
2026-06-19,188,19,28,5.0,16,9,4,2,5,1,0,1
2026-06-20,125,24,7,4.0,14,9,4,1,5,1,1,0
2026-06-21,99,19,7,4.0,7,6,3,1,4,2,0,1
2026-06-22,173,14,21,4.0,11,9,4,2,3,2,0,0
2026-06-23,166,12,24,2.0,13,11,6,1,3,2,1,0
2026-06-24,167,13,28,2.0,15,10,6,2,2,1,0,1
2026-06-25,173,14,22,3.0,14,8,5,2,4,1,0,0
2026-06-26,166,21,20,3.0,13,11,5,1,5,2,0,0
2026-06-27,121,23,3,5.0,9,6,4,1,5,1,0,1
2026-06-28,87,19,0,5.0,7,5,2,1,4,0,1,0
